Workbook

Sheet PSAT
A1: Posto | B1: Lat | C1: Lon | D1: Subbacia Associada | E1: Coluna1 | F1: Coluna2 | G1: Coluna3
A2: PSATAGV | B2: -19.89 | C2: -50.35 | D2: Água Vermelha
A3: PSATCMG | B3: -21.28 | C3: -44.63 | D3: Camargos
A4: PSATCES | B4: -20.25 | C4: -48.16 | D4: Capão Escuro
A5: PSATELC | B5: -21.6 | C5: -46.95 | D5: Euclides da Cunha
A6: PSATFUN | B6: -21.14 | C6: -45.04 | D6: Funil
A7: PSATFUR | B7: -20.67 | C7: -46.32 | D7: Furnas
A8: PSATMRB | B8: -20.3 | C8: -49.18 | D8: Marimbondo
A9: PSATPRG | B9: -21.59 | C9: -45.67 | D9: Paraguaçu
A10: PSATPAS | B10: -21.02 | C10: -48.18 | D10: Passagem
A11: PSATPTB | B11: -21.61 | C11: -45.49 | D11: Porto dos Buenos
A12: PSATPTC | B12: -20 | C12: -48.55 | D12: Porto Colombia
A13: PSATFZA | B13: -26 | C13: -51.65 | D13: Foz do Areia
... A129: PSATSALT | B129: -50.679 | C129: -29.315 | D129: Salto RS

Sheet RESUMO
B1: MODELO | C1: SIGLA | D1: BACIA | E1: SUBBACIA | F1: SUBBACIA MODELADA | G1: TIPO | H1: AUX | I1: Código 1 | J1: Código 2 | K1: n bacias | L1: i_bacia | M1: CÓDIGO BDT | N1: CÓDIGO FLU ANA | O1: PSAT
A2: 1 | B2: SMAP GRANDE E PARANAIBA | C2: SMP_GRPRNB | D2: Grande | E2: {=IF(K2=0,F2,TRIM(OFFSET(INDIRECT("'"&B2&"'!A1"),I2+L2,1)))} -> Camargos | F2: {=TRIM(SUBSTITUTE(INDEX(INDIRECT("'"&B2&"'!A1:A1000"),H2),"Sub-bacia modelada:",""))} -> Camargos | G2: =IF(K2=0,"BASE - POSTO FLU",IF(OR(E2=F2,K2=1),"BASE - RESERVATÓRIO","NÃO BASE")) -> BASE - RESERVATÓRIO | H2: {=SMALL(ROW(INDIRECT("'"&B2&"'!A1:A1000"))*IF(ISNUMBER(FIND("Sub-bacia modelada:",INDIRECT("'"&B2&"'!A1:A1000"))),1,9999),RESUMO!A2)} -> 1 | I2: =MATCH("Código",INDIRECT("'"&B2&"'!A"&H2&":A"&H2+20),0)+H2-1 -> 4 | J2: =MATCH("Código",INDIRECT("'"&B2&"'!A"&I2+1&":A"&H2+20),0)+I2 -> 9 | K2: =COUNT(INDIRECT("'"&B2&"'!A"&I2&":A"&J2)) -> 2 | L2: =COUNTIF($F$1:F2,F2) -> 1 | M2: {=IF(Tabela2[[#This Row],[TIPO]]<>"BASE - POSTO FLU",_xlfn.XLOOKUP(Tabela2[[#This Row],[SUBBACIA]],INDIRECT("'"&Tabela2[[#This Row],[MODELO]]&"'!B1:B5000"),INDIRECT("'"&Tabela2[[#This Row],[MODELO]]&"'!A1:A5000")),"")} -> 1 | N2: {=IF(Tabela2[[#This Row],[TIPO]]="BASE - POSTO FLU",OFFSET(INDIRECT("'"&Tabela2[[#This Row],[MODELO]]&"'!A1"),MATCH("Sub-bacia modelada: "&Tabela2[[#This Row],[SUBBACIA]],INDIRECT("'"&Tabela2[[#This Row],[MODELO]]&"'!A1:A5000"),0)+8,0),"")} | O2: {=IF(Tabela2[[#This Row],[TIPO]]="NÃO BASE","",INDEX(INDIRECT("'"&Tabela2[[#This Row],[MODELO]]&"'!$A$1:$A$5000"),MATCH("Precipitação verificada:",OFFSET(INDIRECT("'"&Tabela2[[#This Row],[MODELO]]&"'!$A$1"),MATCH("Sub-bacia modelada: "&Tabela2[[#This Row],[SUBBACIA MODELADA]],INDIRECT("'"&Tabela2[[#This Row],[MODELO]]&"'!$A$1:$A$5000"),0),0,25,1),0)+MATCH("Sub-bacia modelada: "&Tabela2[[#This Row],[SUBBACIA MODELADA]],INDIRECT("'"&Tabela2[[#This Row],[MODELO]]&"'!$A$1:$A$5000"),0)+3))} -> PSATCMG
A3: =IF(AND(K2>1,L2<>K2),A2,A2+1) -> 1 | B3: SMAP GRANDE E PARANAIBA | C3: SMP_GRPRNB | D3: Grande | E3: {=IF(K3=0,F3,TRIM(OFFSET(INDIRECT("'"&B3&"'!A1"),I3+L3,1)))} -> Itutinga | F3: {=TRIM(SUBSTITUTE(INDEX(INDIRECT("'"&B3&"'!A1:A1000"),H3),"Sub-bacia modelada:",""))} -> Camargos | G3: =IF(K3=0,"BASE - POSTO FLU",IF(OR(E3=F3,K3=1),"BASE - RESERVATÓRIO","NÃO BASE")) -> NÃO BASE | H3: {=SMALL(ROW(INDIRECT("'"&B3&"'!A1:A1000"))*IF(ISNUMBER(FIND("Sub-bacia modelada:",INDIRECT("'"&B3&"'!A1:A1000"))),1,9999),RESUMO!A3)} -> 1 | I3: =MATCH("Código",INDIRECT("'"&B3&"'!A"&H3&":A"&H3+20),0)+H3-1 -> 4 | J3: =MATCH("Código",INDIRECT("'"&B3&"'!A"&I3+1&":A"&H3+20),0)+I3 -> 9 | K3: =COUNT(INDIRECT("'"&B3&"'!A"&I3&":A"&J3)) -> 2 | L3: =COUNTIF($F$1:F3,F3) -> 2 | M3: {=IF(Tabela2[[#This Row],[TIPO]]<>"BASE - POSTO FLU",_xlfn.XLOOKUP(Tabela2[[#This Row],[SUBBACIA]],INDIRECT("'"&Tabela2[[#This Row],[MODELO]]&"'!B1:B5000"),INDIRECT("'"&Tabela2[[#This Row],[MODELO]]&"'!A1:A5000")),"")} -> 2 | N3: {=IF(Tabela2[[#This Row],[TIPO]]="BASE - POSTO FLU",OFFSET(INDIRECT("'"&Tabela2[[#This Row],[MODELO]]&"'!A1"),MATCH("Sub-bacia modelada: "&Tabela2[[#This Row],[SUBBACIA]],INDIRECT("'"&Tabela2[[#This Row],[MODELO]]&"'!A1:A5000"),0)+8,0),"")} | O3: {=IF(Tabela2[[#This Row],[TIPO]]="NÃO BASE","",INDEX(INDIRECT("'"&Tabela2[[#This Row],[MODELO]]&"'!$A$1:$A$5000"),MATCH("Precipitação verificada:",OFFSET(INDIRECT("'"&Tabela2[[#This Row],[MODELO]]&"'!$A$1"),MATCH("Sub-bacia modelada: "&Tabela2[[#This Row],[SUBBACIA MODELADA]],INDIRECT("'"&Tabela2[[#This Row],[MODELO]]&"'!$A$1:$A$5000"),0),0,25,1),0)+MATCH("Sub-bacia modelada: "&Tabela2[[#This Row],[SUBBACIA MODELADA]],INDIRECT("'"&Tabela2[[#This Row],[MODELO]]&"'!$A$1:$A$5000"),0)+3))}
A4: =IF(AND(K3>1,L3<>K3),A3,A3+1) -> 2 | B4: SMAP GRANDE E PARANAIBA | C4: SMP_GRPRNB | D4: Grande | E4: {=IF(K4=0,F4,TRIM(OFFSET(INDIRECT("'"&B4&"'!A1"),I4+L4,1)))} -> Funil-MG | F4: {=TRIM(SUBSTITUTE(INDEX(INDIRECT("'"&B4&"'!A1:A1000"),H4),"Sub-bacia modelada:",""))} -> Funil-MG | G4: =IF(K4=0,"BASE - POSTO FLU",IF(OR(E4=F4,K4=1),"BASE - RESERVATÓRIO","NÃO BASE")) -> BASE - RESERVATÓRIO | H4: {=SMALL(ROW(INDIRECT("'"&B4&"'!A1:A1000"))*IF(ISNUMBER(FIND("Sub-bacia modelada:",INDIRECT("'"&B4&"'!A1:A1000"))),1,9999),RESUMO!A4)} -> 23 | I4: =MATCH("Código",INDIRECT("'"&B4&"'!A"&H4&":A"&H4+20),0)+H4-1 -> 26 | J4: =MATCH("Código",INDIRECT("'"&B4&"'!A"&I4+1&":A"&H4+20),0)+I4 -> 30 | K4: =COUNT(INDIRECT("'"&B4&"'!A"&I4&":A"&J4)) -> 1 | L4: =COUNTIF($F$1:F4,F4) -> 1 | M4: {=IF(Tabela2[[#This Row],[TIPO]]<>"BASE - POSTO FLU",_xlfn.XLOOKUP(Tabela2[[#This Row],[SUBBACIA]],INDIRECT("'"&Tabela2[[#This Row],[MODELO]]&"'!B1:B5000"),INDIRECT("'"&Tabela2[[#This Row],[MODELO]]&"'!A1:A5000")),"")} -> 211 | N4: {=IF(Tabela2[[#This Row],[TIPO]]="BASE - POSTO FLU",OFFSET(INDIRECT("'"&Tabela2[[#This Row],[MODELO]]&"'!A1"),MATCH("Sub-bacia modelada: "&Tabela2[[#This Row],[SUBBACIA]],INDIRECT("'"&Tabela2[[#This Row],[MODELO]]&"'!A1:A5000"),0)+8,0),"")} | O4: {=IF(Tabela2[[#This Row],[TIPO]]="NÃO BASE","",INDEX(INDIRECT("'"&Tabela2[[#This Row],[MODELO]]&"'!$A$1:$A$5000"),MATCH("Precipitação verificada:",OFFSET(INDIRECT("'"&Tabela2[[#This Row],[MODELO]]&"'!$A$1"),MATCH("Sub-bacia modelada: "&Tabela2[[#This Row],[SUBBACIA MODELADA]],INDIRECT("'"&Tabela2[[#This Row],[MODELO]]&"'!$A$1:$A$5000"),0),0,25,1),0)+MATCH("Sub-bacia modelada: "&Tabela2[[#This Row],[SUBBACIA MODELADA]],INDIRECT("'"&Tabela2[[#This Row],[MODELO]]&"'!$A$1:$A$5000"),0)+3))} -> PSATFUN
A5: =IF(AND(K4>1,L4<>K4),A4,A4+1) -> 3 | B5: SMAP GRANDE E PARANAIBA | C5: SMP_GRPRNB | D5: Grande | E5: {=IF(K5=0,F5,TRIM(OFFSET(INDIRECT("'"&B5&"'!A1"),I5+L5,1)))} -> Furnas | F5: {=TRIM(SUBSTITUTE(INDEX(INDIRECT("'"&B5&"'!A1:A1000"),H5),"Sub-bacia modelada:",""))} -> Furnas | G5: =IF(K5=0,"BASE - POSTO FLU",IF(OR(E5=F5,K5=1),"BASE - RESERVATÓRIO","NÃO BASE")) -> BASE - RESERVATÓRIO | H5: {=SMALL(ROW(INDIRECT("'"&B5&"'!A1:A1000"))*IF(ISNUMBER(FIND("Sub-bacia modelada:",INDIRECT("'"&B5&"'!A1:A1000"))),1,9999),RESUMO!A5)} -> 44 | I5: =MATCH("Código",INDIRECT("'"&B5&"'!A"&H5&":A"&H5+20),0)+H5-1 -> 47 | J5: =MATCH("Código",INDIRECT("'"&B5&"'!A"&I5+1&":A"&H5+20),0)+I5 -> 51 | K5: =COUNT(INDIRECT("'"&B5&"'!A"&I5&":A"&J5)) -> 1 | L5: =COUNTIF($F$1:F5,F5) -> 1 | M5: {=IF(Tabela2[[#This Row],[TIPO]]<>"BASE - POSTO FLU",_xlfn.XLOOKUP(Tabela2[[#This Row],[SUBBACIA]],INDIRECT("'"&Tabela2[[#This Row],[MODELO]]&"'!B1:B5000"),INDIRECT("'"&Tabela2[[#This Row],[MODELO]]&"'!A1:A5000")),"")} -> 6 | N5: {=IF(Tabela2[[#This Row],[TIPO]]="BASE - POSTO FLU",OFFSET(INDIRECT("'"&Tabela2[[#This Row],[MODELO]]&"'!A1"),MATCH("Sub-bacia modelada: "&Tabela2[[#This Row],[SUBBACIA]],INDIRECT("'"&Tabela2[[#This Row],[MODELO]]&"'!A1:A5000"),0)+8,0),"")} | O5: {=IF(Tabela2[[#This Row],[TIPO]]="NÃO BASE","",INDEX(INDIRECT("'"&Tabela2[[#This Row],[MODELO]]&"'!$A$1:$A$5000"),MATCH("Precipitação verificada:",OFFSET(INDIRECT("'"&Tabela2[[#This Row],[MODELO]]&"'!$A$1"),MATCH("Sub-bacia modelada: "&Tabela2[[#This Row],[SUBBACIA MODELADA]],INDIRECT("'"&Tabela2[[#This Row],[MODELO]]&"'!$A$1:$A$5000"),0),0,25,1),0)+MATCH("Sub-bacia modelada: "&Tabela2[[#This Row],[SUBBACIA MODELADA]],INDIRECT("'"&Tabela2[[#This Row],[MODELO]]&"'!$A$1:$A$5000"),0)+3))} -> PSATFUR
A6: =IF(AND(K5>1,L5<>K5),A5,A5+1) -> 4 | B6: SMAP GRANDE E PARANAIBA | C6: SMP_GRPRNB | D6: Grande | E6: {=IF(K6=0,F6,TRIM(OFFSET(INDIRECT("'"&B6&"'!A1"),I6+L6,1)))} -> Paraguaçu | F6: {=TRIM(SUBSTITUTE(INDEX(INDIRECT("'"&B6&"'!A1:A1000"),H6),"Sub-bacia modelada:",""))} -> Paraguaçu | G6: =IF(K6=0,"BASE - POSTO FLU",IF(OR(E6=F6,K6=1),"BASE - RESERVATÓRIO","NÃO BASE")) -> BASE - POSTO FLU | H6: {=SMALL(ROW(INDIRECT("'"&B6&"'!A1:A1000"))*IF(ISNUMBER(FIND("Sub-bacia modelada:",INDIRECT("'"&B6&"'!A1:A1000"))),1,9999),RESUMO!A6)} -> 66 | I6: =MATCH("Código",INDIRECT("'"&B6&"'!A"&H6&":A"&H6+20),0)+H6-1 -> 69 | J6: =MATCH("Código",INDIRECT("'"&B6&"'!A"&I6+1&":A"&H6+20),0)+I6 -> 73 | K6: =COUNT(INDIRECT("'"&B6&"'!A"&I6&":A"&J6)) -> 0 | L6: =COUNTIF($F$1:F6,F6) -> 1 | M6: {=IF(Tabela2[[#This Row],[TIPO]]<>"BASE - POSTO FLU",_xlfn.XLOOKUP(Tabela2[[#This Row],[SUBBACIA]],INDIRECT("'"&Tabela2[[#This Row],[MODELO]]&"'!B1:B5000"),INDIRECT("'"&Tabela2[[#This Row],[MODELO]]&"'!A1:A5000")),"")} | N6: {=IF(Tabela2[[#This Row],[TIPO]]="BASE - POSTO FLU",OFFSET(INDIRECT("'"&Tabela2[[#This Row],[MODELO]]&"'!A1"),MATCH("Sub-bacia modelada: "&Tabela2[[#This Row],[SUBBACIA]],INDIRECT("'"&Tabela2[[#This Row],[MODELO]]&"'!A1:A5000"),0)+8,0),"")} -> 61425000 | O6: {=IF(Tabela2[[#This Row],[TIPO]]="NÃO BASE","",INDEX(INDIRECT("'"&Tabela2[[#This Row],[MODELO]]&"'!$A$1:$A$5000"),MATCH("Precipitação verificada:",OFFSET(INDIRECT("'"&Tabela2[[#This Row],[MODELO]]&"'!$A$1"),MATCH("Sub-bacia modelada: "&Tabela2[[#This Row],[SUBBACIA MODELADA]],INDIRECT("'"&Tabela2[[#This Row],[MODELO]]&"'!$A$1:$A$5000"),0),0,25,1),0)+MATCH("Sub-bacia modelada: "&Tabela2[[#This Row],[SUBBACIA MODELADA]],INDIRECT("'"&Tabela2[[#This Row],[MODELO]]&"'!$A$1:$A$5000"),0)+3))} -> PSATPRG
A7: =IF(AND(K6>1,L6<>K6),A6,A6+1) -> 5 | B7: SMAP GRANDE E PARANAIBA | C7: SMP_GRPRNB | D7: Grande | E7: {=IF(K7=0,F7,TRIM(OFFSET(INDIRECT("'"&B7&"'!A1"),I7+L7,1)))} -> Porto dos Buenos | F7: {=TRIM(SUBSTITUTE(INDEX(INDIRECT("'"&B7&"'!A1:A1000"),H7),"Sub-bacia modelada:",""))} -> Porto dos Buenos | G7: =IF(K7=0,"BASE - POSTO FLU",IF(OR(E7=F7,K7=1),"BASE - RESERVATÓRIO","NÃO BASE")) -> BASE - POSTO FLU | H7: {=SMALL(ROW(INDIRECT("'"&B7&"'!A1:A1000"))*IF(ISNUMBER(FIND("Sub-bacia modelada:",INDIRECT("'"&B7&"'!A1:A1000"))),1,9999),RESUMO!A7)} -> 87 | I7: =MATCH("Código",INDIRECT("'"&B7&"'!A"&H7&":A"&H7+20),0)+H7-1 -> 90 | J7: =MATCH("Código",INDIRECT("'"&B7&"'!A"&I7+1&":A"&H7+20),0)+I7 -> 94 | K7: =COUNT(INDIRECT("'"&B7&"'!A"&I7&":A"&J7)) -> 0 | L7: =COUNTIF($F$1:F7,F7) -> 1 | M7: {=IF(Tabela2[[#This Row],[TIPO]]<>"BASE - POSTO FLU",_xlfn.XLOOKUP(Tabela2[[#This Row],[SUBBACIA]],INDIRECT("'"&Tabela2[[#This Row],[MODELO]]&"'!B1:B5000"),INDIRECT("'"&Tabela2[[#This Row],[MODELO]]&"'!A1:A5000")),"")} | N7: {=IF(Tabela2[[#This Row],[TIPO]]="BASE - POSTO FLU",OFFSET(INDIRECT("'"&Tabela2[[#This Row],[MODELO]]&"'!A1"),MATCH("Sub-bacia modelada: "&Tabela2[[#This Row],[SUBBACIA]],INDIRECT("'"&Tabela2[[#This Row],[MODELO]]&"'!A1:A5000"),0)+8,0),"")} -> 61537000 | O7: {=IF(Tabela2[[#This Row],[TIPO]]="NÃO BASE","",INDEX(INDIRECT("'"&Tabela2[[#This Row],[MODELO]]&"'!$A$1:$A$5000"),MATCH("Precipitação verificada:",OFFSET(INDIRECT("'"&Tabela2[[#This Row],[MODELO]]&"'!$A$1"),MATCH("Sub-bacia modelada: "&Tabela2[[#This Row],[SUBBACIA MODELADA]],INDIRECT("'"&Tabela2[[#This Row],[MODELO]]&"'!$A$1:$A$5000"),0),0,25,1),0)+MATCH("Sub-bacia modelada: "&Tabela2[[#This Row],[SUBBACIA MODELADA]],INDIRECT("'"&Tabela2[[#This Row],[MODELO]]&"'!$A$1:$A$5000"),0)+3))} -> PSATPTB
A8: =IF(AND(K7>1,L7<>K7),A7,A7+1) -> 6 | B8: SMAP GRANDE E PARANAIBA | C8: SMP_GRPRNB | D8: Grande | E8: {=IF(K8=0,F8,TRIM(OFFSET(INDIRECT("'"&B8&"'!A1"),I8+L8,1)))} -> Capão Escuro | F8: {=TRIM(SUBSTITUTE(INDEX(INDIRECT("'"&B8&"'!A1:A1000"),H8),"Sub-bacia modelada:",""))} -> Capão Escuro | G8: =IF(K8=0,"BASE - POSTO FLU",IF(OR(E8=F8,K8=1),"BASE - RESERVATÓRIO","NÃO BASE")) -> BASE - POSTO FLU | H8: {=SMALL(ROW(INDIRECT("'"&B8&"'!A1:A1000"))*IF(ISNUMBER(FIND("Sub-bacia modelada:",INDIRECT("'"&B8&"'!A1:A1000"))),1,9999),RESUMO!A8)} -> 108 | I8: =MATCH("Código",INDIRECT("'"&B8&"'!A"&H8&":A"&H8+20),0)+H8-1 -> 111 | J8: =MATCH("Código",INDIRECT("'"&B8&"'!A"&I8+1&":A"&H8+20),0)+I8 -> 115 | K8: =COUNT(INDIRECT("'"&B8&"'!A"&I8&":A"&J8)) -> 0 | L8: =COUNTIF($F$1:F8,F8) -> 1 | M8: {=IF(Tabela2[[#This Row],[TIPO]]<>"BASE - POSTO FLU",_xlfn.XLOOKUP(Tabela2[[#This Row],[SUBBACIA]],INDIRECT("'"&Tabela2[[#This Row],[MODELO]]&"'!B1:B5000"),INDIRECT("'"&Tabela2[[#This Row],[MODELO]]&"'!A1:A5000")),"")} | N8: {=IF(Tabela2[[#This Row],[TIPO]]="BASE - POSTO FLU",OFFSET(INDIRECT("'"&Tabela2[[#This Row],[MODELO]]&"'!A1"),MATCH("Sub-bacia modelada: "&Tabela2[[#This Row],[SUBBACIA]],INDIRECT("'"&Tabela2[[#This Row],[MODELO]]&"'!A1:A5000"),0)+8,0),"")} -> 61787000 | O8: {=IF(Tabela2[[#This Row],[TIPO]]="NÃO BASE","",INDEX(INDIRECT("'"&Tabela2[[#This Row],[MODELO]]&"'!$A$1:$A$5000"),MATCH("Precipitação verificada:",OFFSET(INDIRECT("'"&Tabela2[[#This Row],[MODELO]]&"'!$A$1"),MATCH("Sub-bacia modelada: "&Tabela2[[#This Row],[SUBBACIA MODELADA]],INDIRECT("'"&Tabela2[[#This Row],[MODELO]]&"'!$A$1:$A$5000"),0),0,25,1),0)+MATCH("Sub-bacia modelada: "&Tabela2[[#This Row],[SUBBACIA MODELADA]],INDIRECT("'"&Tabela2[[#This Row],[MODELO]]&"'!$A$1:$A$5000"),0)+3))} -> PSATCES
A9: =IF(AND(K8>1,L8<>K8),A8,A8+1) -> 7 | B9: SMAP GRANDE E PARANAIBA | C9: SMP_GRPRNB | D9: Grande | E9: {=IF(K9=0,F9,TRIM(OFFSET(INDIRECT("'"&B9&"'!A1"),I9+L9,1)))} -> Mascarenhas de Moraes | F9: {=TRIM(SUBSTITUTE(INDEX(INDIRECT("'"&B9&"'!A1:A1000"),H9),"Sub-bacia modelada:",""))} -> Porto Colômbia | G9: =IF(K9=0,"BASE - POSTO FLU",IF(OR(E9=F9,K9=1),"BASE - RESERVATÓRIO","NÃO BASE")) -> NÃO BASE | H9: {=SMALL(ROW(INDIRECT("'"&B9&"'!A1:A1000"))*IF(ISNUMBER(FIND("Sub-bacia modelada:",INDIRECT("'"&B9&"'!A1:A1000"))),1,9999),RESUMO!A9)} -> 129 | I9: =MATCH("Código",INDIRECT("'"&B9&"'!A"&H9&":A"&H9+20),0)+H9-1 -> 132 | J9: =MATCH("Código",INDIRECT("'"&B9&"'!A"&I9+1&":A"&H9+20),0)+I9 -> 141 | K9: =COUNT(INDIRECT("'"&B9&"'!A"&I9&":A"&J9)) -> 6 | L9: =COUNTIF($F$1:F9,F9) -> 1 | M9: {=IF(Tabela2[[#This Row],[TIPO]]<>"BASE - POSTO FLU",_xlfn.XLOOKUP(Tabela2[[#This Row],[SUBBACIA]],INDIRECT("'"&Tabela2[[#This Row],[MODELO]]&"'!B1:B5000"),INDIRECT("'"&Tabela2[[#This Row],[MODELO]]&"'!A1:A5000")),"")} -> 7 | N9: {=IF(Tabela2[[#This Row],[TIPO]]="BASE - POSTO FLU",OFFSET(INDIRECT("'"&Tabela2[[#This Row],[MODELO]]&"'!A1"),MATCH("Sub-bacia modelada: "&Tabela2[[#This Row],[SUBBACIA]],INDIRECT("'"&Tabela2[[#This Row],[MODELO]]&"'!A1:A5000"),0)+8,0),"")} | O9: {=IF(Tabela2[[#This Row],[TIPO]]="NÃO BASE","",INDEX(INDIRECT("'"&Tabela2[[#This Row],[MODELO]]&"'!$A$1:$A$5000"),MATCH("Precipitação verificada:",OFFSET(INDIRECT("'"&Tabela2[[#This Row],[MODELO]]&"'!$A$1"),MATCH("Sub-bacia modelada: "&Tabela2[[#This Row],[SUBBACIA MODELADA]],INDIRECT("'"&Tabela2[[#This Row],[MODELO]]&"'!$A$1:$A$5000"),0),0,25,1),0)+MATCH("Sub-bacia modelada: "&Tabela2[[#This Row],[SUBBACIA MODELADA]],INDIRECT("'"&Tabela2[[#This Row],[MODELO]]&"'!$A$1:$A$5000"),0)+3))}
A10: =IF(AND(K9>1,L9<>K9),A9,A9+1) -> 7 | B10: SMAP GRANDE E PARANAIBA | C10: SMP_GRPRNB | D10: Grande | E10: {=IF(K10=0,F10,TRIM(OFFSET(INDIRECT("'"&B10&"'!A1"),I10+L10,1)))} -> L.C. Barreto | F10: {=TRIM(SUBSTITUTE(INDEX(INDIRECT("'"&B10&"'!A1:A1000"),H10),"Sub-bacia modelada:",""))} -> Porto Colômbia | G10: =IF(K10=0,"BASE - POSTO FLU",IF(OR(E10=F10,K10=1),"BASE - RESERVATÓRIO","NÃO BASE")) -> NÃO BASE | H10: {=SMALL(ROW(INDIRECT("'"&B10&"'!A1:A1000"))*IF(ISNUMBER(FIND("Sub-bacia modelada:",INDIRECT("'"&B10&"'!A1:A1000"))),1,9999),RESUMO!A10)} -> 129 | I10: =MATCH("Código",INDIRECT("'"&B10&"'!A"&H10&":A"&H10+20),0)+H10-1 -> 132 | J10: =MATCH("Código",INDIRECT("'"&B10&"'!A"&I10+1&":A"&H10+20),0)+I10 -> 141 | K10: =COUNT(INDIRECT("'"&B10&"'!A"&I10&":A"&J10)) -> 6 | L10: =COUNTIF($F$1:F10,F10) -> 2 | M10: {=IF(Tabela2[[#This Row],[TIPO]]<>"BASE - POSTO FLU",_xlfn.XLOOKUP(Tabela2[[#This Row],[SUBBACIA]],INDIRECT("'"&Tabela2[[#This Row],[MODELO]]&"'!B1:B5000"),INDIRECT("'"&Tabela2[[#This Row],[MODELO]]&"'!A1:A5000")),"")} -> 8 | N10: {=IF(Tabela2[[#This Row],[TIPO]]="BASE - POSTO FLU",OFFSET(INDIRECT("'"&Tabela2[[#This Row],[MODELO]]&"'!A1"),MATCH("Sub-bacia modelada: "&Tabela2[[#This Row],[SUBBACIA]],INDIRECT("'"&Tabela2[[#This Row],[MODELO]]&"'!A1:A5000"),0)+8,0),"")} | O10: {=IF(Tabela2[[#This Row],[TIPO]]="NÃO BASE","",INDEX(INDIRECT("'"&Tabela2[[#This Row],[MODELO]]&"'!$A$1:$A$5000"),MATCH("Precipitação verificada:",OFFSET(INDIRECT("'"&Tabela2[[#This Row],[MODELO]]&"'!$A$1"),MATCH("Sub-bacia modelada: "&Tabela2[[#This Row],[SUBBACIA MODELADA]],INDIRECT("'"&Tabela2[[#This Row],[MODELO]]&"'!$A$1:$A$5000"),0),0,25,1),0)+MATCH("Sub-bacia modelada: "&Tabela2[[#This Row],[SUBBACIA MODELADA]],INDIRECT("'"&Tabela2[[#This Row],[MODELO]]&"'!$A$1:$A$5000"),0)+3))}
A11: =IF(AND(K10>1,L10<>K10),A10,A10+1) -> 7 | B11: SMAP GRANDE E PARANAIBA | C11: SMP_GRPRNB | D11: Grande | E11: {=IF(K11=0,F11,TRIM(OFFSET(INDIRECT("'"&B11&"'!A1"),I11+L11,1)))} -> Jaguara | F11: {=TRIM(SUBSTITUTE(INDEX(INDIRECT("'"&B11&"'!A1:A1000"),H11),"Sub-bacia modelada:",""))} -> Porto Colômbia | G11: =IF(K11=0,"BASE - POSTO FLU",IF(OR(E11=F11,K11=1),"BASE - RESERVATÓRIO","NÃO BASE")) -> NÃO BASE | H11: {=SMALL(ROW(INDIRECT("'"&B11&"'!A1:A1000"))*IF(ISNUMBER(FIND("Sub-bacia modelada:",INDIRECT("'"&B11&"'!A1:A1000"))),1,9999),RESUMO!A11)} -> 129 | I11: =MATCH("Código",INDIRECT("'"&B11&"'!A"&H11&":A"&H11+20),0)+H11-1 -> 132 | J11: =MATCH("Código",INDIRECT("'"&B11&"'!A"&I11+1&":A"&H11+20),0)+I11 -> 141 | K11: =COUNT(INDIRECT("'"&B11&"'!A"&I11&":A"&J11)) -> 6 | L11: =COUNTIF($F$1:F11,F11) -> 3 | M11: {=IF(Tabela2[[#This Row],[TIPO]]<>"BASE - POSTO FLU",_xlfn.XLOOKUP(Tabela2[[#This Row],[SUBBACIA]],INDIRECT("'"&Tabela2[[#This Row],[MODELO]]&"'!B1:B5000"),INDIRECT("'"&Tabela2[[#This Row],[MODELO]]&"'!A1:A5000")),"")} -> 9 | N11: {=IF(Tabela2[[#This Row],[TIPO]]="BASE - POSTO FLU",OFFSET(INDIRECT("'"&Tabela2[[#This Row],[MODELO]]&"'!A1"),MATCH("Sub-bacia modelada: "&Tabela2[[#This Row],[SUBBACIA]],INDIRECT("'"&Tabela2[[#This Row],[MODELO]]&"'!A1:A5000"),0)+8,0),"")} | O11: {=IF(Tabela2[[#This Row],[TIPO]]="NÃO BASE","",INDEX(INDIRECT("'"&Tabela2[[#This Row],[MODELO]]&"'!$A$1:$A$5000"),MATCH("Precipitação verificada:",OFFSET(INDIRECT("'"&Tabela2[[#This Row],[MODELO]]&"'!$A$1"),MATCH("Sub-bacia modelada: "&Tabela2[[#This Row],[SUBBACIA MODELADA]],INDIRECT("'"&Tabela2[[#This Row],[MODELO]]&"'!$A$1:$A$5000"),0),0,25,1),0)+MATCH("Sub-bacia modelada: "&Tabela2[[#This Row],[SUBBACIA MODELADA]],INDIRECT("'"&Tabela2[[#This Row],[MODELO]]&"'!$A$1:$A$5000"),0)+3))}
A12: =IF(AND(K11>1,L11<>K11),A11,A11+1) -> 7 | B12: SMAP GRANDE E PARANAIBA | C12: SMP_GRPRNB | D12: Grande | E12: {=IF(K12=0,F12,TRIM(OFFSET(INDIRECT("'"&B12&"'!A1"),I12+L12,1)))} -> Igarapava | F12: {=TRIM(SUBSTITUTE(INDEX(INDIRECT("'"&B12&"'!A1:A1000"),H12),"Sub-bacia modelada:",""))} -> Porto Colômbia | G12: =IF(K12=0,"BASE - POSTO FLU",IF(OR(E12=F12,K12=1),"BASE - RESERVATÓRIO","NÃO BASE")) -> NÃO BASE | H12: {=SMALL(ROW(INDIRECT("'"&B12&"'!A1:A1000"))*IF(ISNUMBER(FIND("Sub-bacia modelada:",INDIRECT("'"&B12&"'!A1:A1000"))),1,9999),RESUMO!A12)} -> 129 | I12: =MATCH("Código",INDIRECT("'"&B12&"'!A"&H12&":A"&H12+20),0)+H12-1 -> 132 | J12: =MATCH("Código",INDIRECT("'"&B12&"'!A"&I12+1&":A"&H12+20),0)+I12 -> 141 | K12: =COUNT(INDIRECT("'"&B12&"'!A"&I12&":A"&J12)) -> 6 | L12: =COUNTIF($F$1:F12,F12) -> 4 | M12: {=IF(Tabela2[[#This Row],[TIPO]]<>"BASE - POSTO FLU",_xlfn.XLOOKUP(Tabela2[[#This Row],[SUBBACIA]],INDIRECT("'"&Tabela2[[#This Row],[MODELO]]&"'!B1:B5000"),INDIRECT("'"&Tabela2[[#This Row],[MODELO]]&"'!A1:A5000")),"")} -> 10 | N12: {=IF(Tabela2[[#This Row],[TIPO]]="BASE - POSTO FLU",OFFSET(INDIRECT("'"&Tabela2[[#This Row],[MODELO]]&"'!A1"),MATCH("Sub-bacia modelada: "&Tabela2[[#This Row],[SUBBACIA]],INDIRECT("'"&Tabela2[[#This Row],[MODELO]]&"'!A1:A5000"),0)+8,0),"")} | O12: {=IF(Tabela2[[#This Row],[TIPO]]="NÃO BASE","",INDEX(INDIRECT("'"&Tabela2[[#This Row],[MODELO]]&"'!$A$1:$A$5000"),MATCH("Precipitação verificada:",OFFSET(INDIRECT("'"&Tabela2[[#This Row],[MODELO]]&"'!$A$1"),MATCH("Sub-bacia modelada: "&Tabela2[[#This Row],[SUBBACIA MODELADA]],INDIRECT("'"&Tabela2[[#This Row],[MODELO]]&"'!$A$1:$A$5000"),0),0,25,1),0)+MATCH("Sub-bacia modelada: "&Tabela2[[#This Row],[SUBBACIA MODELADA]],INDIRECT("'"&Tabela2[[#This Row],[MODELO]]&"'!$A$1:$A$5000"),0)+3))}
A13: =IF(AND(K12>1,L12<>K12),A12,A12+1) -> 7 | B13: SMAP GRANDE E PARANAIBA | C13: SMP_GRPRNB | D13: Grande | E13: {=IF(K13=0,F13,TRIM(OFFSET(INDIRECT("'"&B13&"'!A1"),I13+L13,1)))} -> Volta Grande | F13: {=TRIM(SUBSTITUTE(INDEX(INDIRECT("'"&B13&"'!A1:A1000"),H13),"Sub-bacia modelada:",""))} -> Porto Colômbia | G13: =IF(K13=0,"BASE - POSTO FLU",IF(OR(E13=F13,K13=1),"BASE - RESERVATÓRIO","NÃO BASE")) -> NÃO BASE | H13: {=SMALL(ROW(INDIRECT("'"&B13&"'!A1:A1000"))*IF(ISNUMBER(FIND("Sub-bacia modelada:",INDIRECT("'"&B13&"'!A1:A1000"))),1,9999),RESUMO!A13)} -> 129 | I13: =MATCH("Código",INDIRECT("'"&B13&"'!A"&H13&":A"&H13+20),0)+H13-1 -> 132 | J13: =MATCH("Código",INDIRECT("'"&B13&"'!A"&I13+1&":A"&H13+20),0)+I13 -> 141 | K13: =COUNT(INDIRECT("'"&B13&"'!A"&I13&":A"&J13)) -> 6 | L13: =COUNTIF($F$1:F13,F13) -> 5 | M13: {=IF(Tabela2[[#This Row],[TIPO]]<>"BASE - POSTO FLU",_xlfn.XLOOKUP(Tabela2[[#This Row],[SUBBACIA]],INDIRECT("'"&Tabela2[[#This Row],[MODELO]]&"'!B1:B5000"),INDIRECT("'"&Tabela2[[#This Row],[MODELO]]&"'!A1:A5000")),"")} -> 11 | N13: {=IF(Tabela2[[#This Row],[TIPO]]="BASE - POSTO FLU",OFFSET(INDIRECT("'"&Tabela2[[#This Row],[MODELO]]&"'!A1"),MATCH("Sub-bacia modelada: "&Tabela2[[#This Row],[SUBBACIA]],INDIRECT("'"&Tabela2[[#This Row],[MODELO]]&"'!A1:A5000"),0)+8,0),"")} | O13: {=IF(Tabela2[[#This Row],[TIPO]]="NÃO BASE","",INDEX(INDIRECT("'"&Tabela2[[#This Row],[MODELO]]&"'!$A$1:$A$5000"),MATCH("Precipitação verificada:",OFFSET(INDIRECT("'"&Tabela2[[#This Row],[MODELO]]&"'!$A$1"),MATCH("Sub-bacia modelada: "&Tabela2[[#This Row],[SUBBACIA MODELADA]],INDIRECT("'"&Tabela2[[#This Row],[MODELO]]&"'!$A$1:$A$5000"),0),0,25,1),0)+MATCH("Sub-bacia modelada: "&Tabela2[[#This Row],[SUBBACIA MODELADA]],INDIRECT("'"&Tabela2[[#This Row],[MODELO]]&"'!$A$1:$A$5000"),0)+3))}
A14: =IF(AND(K13>1,L13<>K13),A13,A13+1) -> 7 | B14: SMAP GRANDE E PARANAIBA | C14: SMP_GRPRNB | D14: Grande | E14: {=IF(K14=0,F14,TRIM(OFFSET(INDIRECT("'"&B14&"'!A1"),I14+L14,1)))} -> Porto Colômbia | F14: {=TRIM(SUBSTITUTE(INDEX(INDIRECT("'"&B14&"'!A1:A1000"),H14),"Sub-bacia modelada:",""))} -> Porto Colômbia | G14: =IF(K14=0,"BASE - POSTO FLU",IF(OR(E14=F14,K14=1),"BASE - RESERVATÓRIO","NÃO BASE")) -> BASE - RESERVATÓRIO | H14: {=SMALL(ROW(INDIRECT("'"&B14&"'!A1:A1000"))*IF(ISNUMBER(FIND("Sub-bacia modelada:",INDIRECT("'"&B14&"'!A1:A1000"))),1,9999),RESUMO!A14)} -> 129 | I14: =MATCH("Código",INDIRECT("'"&B14&"'!A"&H14&":A"&H14+20),0)+H14-1 -> 132 | J14: =MATCH("Código",INDIRECT("'"&B14&"'!A"&I14+1&":A"&H14+20),0)+I14 -> 141 | K14: =COUNT(INDIRECT("'"&B14&"'!A"&I14&":A"&J14)) -> 6 | L14: =COUNTIF($F$1:F14,F14) -> 6 | M14: {=IF(Tabela2[[#This Row],[TIPO]]<>"BASE - POSTO FLU",_xlfn.XLOOKUP(Tabela2[[#This Row],[SUBBACIA]],INDIRECT("'"&Tabela2[[#This Row],[MODELO]]&"'!B1:B5000"),INDIRECT("'"&Tabela2[[#This Row],[MODELO]]&"'!A1:A5000")),"")} -> 12 | N14: {=IF(Tabela2[[#This Row],[TIPO]]="BASE - POSTO FLU",OFFSET(INDIRECT("'"&Tabela2[[#This Row],[MODELO]]&"'!A1"),MATCH("Sub-bacia modelada: "&Tabela2[[#This Row],[SUBBACIA]],INDIRECT("'"&Tabela2[[#This Row],[MODELO]]&"'!A1:A5000"),0)+8,0),"")} | O14: {=IF(Tabela2[[#This Row],[TIPO]]="NÃO BASE","",INDEX(INDIRECT("'"&Tabela2[[#This Row],[MODELO]]&"'!$A$1:$A$5000"),MATCH("Precipitação verificada:",OFFSET(INDIRECT("'"&Tabela2[[#This Row],[MODELO]]&"'!$A$1"),MATCH("Sub-bacia modelada: "&Tabela2[[#This Row],[SUBBACIA MODELADA]],INDIRECT("'"&Tabela2[[#This Row],[MODELO]]&"'!$A$1:$A$5000"),0),0,25,1),0)+MATCH("Sub-bacia modelada: "&Tabela2[[#This Row],[SUBBACIA MODELADA]],INDIRECT("'"&Tabela2[[#This Row],[MODELO]]&"'!$A$1:$A$5000"),0)+3))} -> PSATPTC
... A22: =IF(AND(K21>1,L21<>K21),A21,A21+1) -> 13 | B22: SMAP GRANDE E PARANAIBA | C22: SMP_GRPRNB | D22: Paranaíba | E22: {=IF(K22=0,F22,TRIM(OFFSET(INDIRECT("'"&B22&"'!A1"),I22+L22,1)))} -> Corumbá 3 | F22: {=TRIM(SUBSTITUTE(INDEX(INDIRECT("'"&B22&"'!A1:A1000"),H22),"Sub-bacia modelada:",""))} -> Corumbá I | G22: =IF(K22=0,"BASE - POSTO FLU",IF(OR(E22=F22,K22=1),"BASE - RESERVATÓRIO","NÃO BASE")) -> NÃO BASE | H22: {=SMALL(ROW(INDIRECT("'"&B22&"'!A1:A1000"))*IF(ISNUMBER(FIND("Sub-bacia modelada:",INDIRECT("'"&B22&"'!A1:A1000"))),1,9999),RESUMO!A22)} -> 262 | I22: =MATCH("Código",INDIRECT("'"&B22&"'!A"&H22&":A"&H22+20),0)+H22-1 -> 265 | J22: =MATCH("Código",INDIRECT("'"&B22&"'!A"&I22+1&":A"&H22+20),0)+I22 -> 270 | K22: =COUNT(INDIRECT("'"&B22&"'!A"&I22&":A"&J22)) -> 2 | L22: =COUNTIF($F$1:F22,F22) -> 1 | M22: {=IF(Tabela2[[#This Row],[TIPO]]<>"BASE - POSTO FLU",_xlfn.XLOOKUP(Tabela2[[#This Row],[SUBBACIA]],INDIRECT("'"&Tabela2[[#This Row],[MODELO]]&"'!B1:B5000"),INDIRECT("'"&Tabela2[[#This Row],[MODELO]]&"'!A1:A5000")),"")} -> 23 | N22: {=IF(Tabela2[[#This Row],[TIPO]]="BASE - POSTO FLU",OFFSET(INDIRECT("'"&Tabela2[[#This Row],[MODELO]]&"'!A1"),MATCH("Sub-bacia modelada: "&Tabela2[[#This Row],[SUBBACIA]],INDIRECT("'"&Tabela2[[#This Row],[MODELO]]&"'!A1:A5000"),0)+8,0),"")} | O22: {=IF(Tabela2[[#This Row],[TIPO]]="NÃO BASE","",INDEX(INDIRECT("'"&Tabela2[[#This Row],[MODELO]]&"'!$A$1:$A$5000"),MATCH("Precipitação verificada:",OFFSET(INDIRECT("'"&Tabela2[[#This Row],[MODELO]]&"'!$A$1"),MATCH("Sub-bacia modelada: "&Tabela2[[#This Row],[SUBBACIA MODELADA]],INDIRECT("'"&Tabela2[[#This Row],[MODELO]]&"'!$A$1:$A$5000"),0),0,25,1),0)+MATCH("Sub-bacia modelada: "&Tabela2[[#This Row],[SUBBACIA MODELADA]],INDIRECT("'"&Tabela2[[#This Row],[MODELO]]&"'!$A$1:$A$5000"),0)+3))}
A23: =IF(AND(K22>1,L22<>K22),A22,A22+1) -> 13 | B23: SMAP GRANDE E PARANAIBA | C23: SMP_GRPRNB | D23: Paranaíba | E23: {=IF(K23=0,F23,TRIM(OFFSET(INDIRECT("'"&B23&"'!A1"),I23+L23,1)))} -> Corumbá | F23: {=TRIM(SUBSTITUTE(INDEX(INDIRECT("'"&B23&"'!A1:A1000"),H23),"Sub-bacia modelada:",""))} -> Corumbá I | G23: BASE - RESERVATÓRIO | H23: {=SMALL(ROW(INDIRECT("'"&B23&"'!A1:A1000"))*IF(ISNUMBER(FIND("Sub-bacia modelada:",INDIRECT("'"&B23&"'!A1:A1000"))),1,9999),RESUMO!A23)} -> 262 | I23: =MATCH("Código",INDIRECT("'"&B23&"'!A"&H23&":A"&H23+20),0)+H23-1 -> 265 | J23: =MATCH("Código",INDIRECT("'"&B23&"'!A"&I23+1&":A"&H23+20),0)+I23 -> 270 | K23: =COUNT(INDIRECT("'"&B23&"'!A"&I23&":A"&J23)) -> 2 | L23: =COUNTIF($F$1:F23,F23) -> 2 | M23: {=IF(Tabela2[[#This Row],[TIPO]]<>"BASE - POSTO FLU",_xlfn.XLOOKUP(Tabela2[[#This Row],[SUBBACIA]],INDIRECT("'"&Tabela2[[#This Row],[MODELO]]&"'!B1:B5000"),INDIRECT("'"&Tabela2[[#This Row],[MODELO]]&"'!A1:A5000")),"")} -> 209 | N23: {=IF(Tabela2[[#This Row],[TIPO]]="BASE - POSTO FLU",OFFSET(INDIRECT("'"&Tabela2[[#This Row],[MODELO]]&"'!A1"),MATCH("Sub-bacia modelada: "&Tabela2[[#This Row],[SUBBACIA]],INDIRECT("'"&Tabela2[[#This Row],[MODELO]]&"'!A1:A5000"),0)+8,0),"")} | O23: {=IF(Tabela2[[#This Row],[TIPO]]="NÃO BASE","",INDEX(INDIRECT("'"&Tabela2[[#This Row],[MODELO]]&"'!$A$1:$A$5000"),MATCH("Precipitação verificada:",OFFSET(INDIRECT("'"&Tabela2[[#This Row],[MODELO]]&"'!$A$1"),MATCH("Sub-bacia modelada: "&Tabela2[[#This Row],[SUBBACIA MODELADA]],INDIRECT("'"&Tabela2[[#This Row],[MODELO]]&"'!$A$1:$A$5000"),0),0,25,1),0)+MATCH("Sub-bacia modelada: "&Tabela2[[#This Row],[SUBBACIA MODELADA]],INDIRECT("'"&Tabela2[[#This Row],[MODELO]]&"'!$A$1:$A$5000"),0)+3))} -> PSATCBI
A24: =IF(AND(K23>1,L23<>K23),A23,A23+1) -> 14 | B24: SMAP GRANDE E PARANAIBA | C24: SMP_GRPRNB | D24: Paranaíba | E24: {=IF(K24=0,F24,TRIM(OFFSET(INDIRECT("'"&B24&"'!A1"),I24+L24,1)))} -> Batalha | F24: {=TRIM(SUBSTITUTE(INDEX(INDIRECT("'"&B24&"'!A1:A1000"),H24),"Sub-bacia modelada:",""))} -> Serra do Facão | G24: =IF(K24=0,"BASE - POSTO FLU",IF(OR(E24=F24,K24=1),"BASE - RESERVATÓRIO","NÃO BASE")) -> NÃO BASE | H24: {=SMALL(ROW(INDIRECT("'"&B24&"'!A1:A1000"))*IF(ISNUMBER(FIND("Sub-bacia modelada:",INDIRECT("'"&B24&"'!A1:A1000"))),1,9999),RESUMO!A24)} -> 284 | I24: =MATCH("Código",INDIRECT("'"&B24&"'!A"&H24&":A"&H24+20),0)+H24-1 -> 287 | J24: =MATCH("Código",INDIRECT("'"&B24&"'!A"&I24+1&":A"&H24+20),0)+I24 -> 292 | K24: =COUNT(INDIRECT("'"&B24&"'!A"&I24&":A"&J24)) -> 2 | L24: =COUNTIF($F$1:F24,F24) -> 1 | M24: {=IF(Tabela2[[#This Row],[TIPO]]<>"BASE - POSTO FLU",_xlfn.XLOOKUP(Tabela2[[#This Row],[SUBBACIA]],INDIRECT("'"&Tabela2[[#This Row],[MODELO]]&"'!B1:B5000"),INDIRECT("'"&Tabela2[[#This Row],[MODELO]]&"'!A1:A5000")),"")} -> 22 | N24: {=IF(Tabela2[[#This Row],[TIPO]]="BASE - POSTO FLU",OFFSET(INDIRECT("'"&Tabela2[[#This Row],[MODELO]]&"'!A1"),MATCH("Sub-bacia modelada: "&Tabela2[[#This Row],[SUBBACIA]],INDIRECT("'"&Tabela2[[#This Row],[MODELO]]&"'!A1:A5000"),0)+8,0),"")} | O24: {=IF(Tabela2[[#This Row],[TIPO]]="NÃO BASE","",INDEX(INDIRECT("'"&Tabela2[[#This Row],[MODELO]]&"'!$A$1:$A$5000"),MATCH("Precipitação verificada:",OFFSET(INDIRECT("'"&Tabela2[[#This Row],[MODELO]]&"'!$A$1"),MATCH("Sub-bacia modelada: "&Tabela2[[#This Row],[SUBBACIA MODELADA]],INDIRECT("'"&Tabela2[[#This Row],[MODELO]]&"'!$A$1:$A$5000"),0),0,25,1),0)+MATCH("Sub-bacia modelada: "&Tabela2[[#This Row],[SUBBACIA MODELADA]],INDIRECT("'"&Tabela2[[#This Row],[MODELO]]&"'!$A$1:$A$5000"),0)+3))}
A25: =IF(AND(K24>1,L24<>K24),A24,A24+1) -> 14 | B25: SMAP GRANDE E PARANAIBA | C25: SMP_GRPRNB | D25: Paranaíba | E25: {=IF(K25=0,F25,TRIM(OFFSET(INDIRECT("'"&B25&"'!A1"),I25+L25,1)))} -> Serra do Facão | F25: {=TRIM(SUBSTITUTE(INDEX(INDIRECT("'"&B25&"'!A1:A1000"),H25),"Sub-bacia modelada:",""))} -> Serra do Facão | G25: =IF(K25=0,"BASE - POSTO FLU",IF(OR(E25=F25,K25=1),"BASE - RESERVATÓRIO","NÃO BASE")) -> BASE - RESERVATÓRIO | H25: {=SMALL(ROW(INDIRECT("'"&B25&"'!A1:A1000"))*IF(ISNUMBER(FIND("Sub-bacia modelada:",INDIRECT("'"&B25&"'!A1:A1000"))),1,9999),RESUMO!A25)} -> 284 | I25: =MATCH("Código",INDIRECT("'"&B25&"'!A"&H25&":A"&H25+20),0)+H25-1 -> 287 | J25: =MATCH("Código",INDIRECT("'"&B25&"'!A"&I25+1&":A"&H25+20),0)+I25 -> 292 | K25: =COUNT(INDIRECT("'"&B25&"'!A"&I25&":A"&J25)) -> 2 | L25: =COUNTIF($F$1:F25,F25) -> 2 | M25: {=IF(Tabela2[[#This Row],[TIPO]]<>"BASE - POSTO FLU",_xlfn.XLOOKUP(Tabela2[[#This Row],[SUBBACIA]],INDIRECT("'"&Tabela2[[#This Row],[MODELO]]&"'!B1:B5000"),INDIRECT("'"&Tabela2[[#This Row],[MODELO]]&"'!A1:A5000")),"")} -> 251 | N25: {=IF(Tabela2[[#This Row],[TIPO]]="BASE - POSTO FLU",OFFSET(INDIRECT("'"&Tabela2[[#This Row],[MODELO]]&"'!A1"),MATCH("Sub-bacia modelada: "&Tabela2[[#This Row],[SUBBACIA]],INDIRECT("'"&Tabela2[[#This Row],[MODELO]]&"'!A1:A5000"),0)+8,0),"")} | O25: {=IF(Tabela2[[#This Row],[TIPO]]="NÃO BASE","",INDEX(INDIRECT("'"&Tabela2[[#This Row],[MODELO]]&"'!$A$1:$A$5000"),MATCH("Precipitação verificada:",OFFSET(INDIRECT("'"&Tabela2[[#This Row],[MODELO]]&"'!$A$1"),MATCH("Sub-bacia modelada: "&Tabela2[[#This Row],[SUBBACIA MODELADA]],INDIRECT("'"&Tabela2[[#This Row],[MODELO]]&"'!$A$1:$A$5000"),0),0,25,1),0)+MATCH("Sub-bacia modelada: "&Tabela2[[#This Row],[SUBBACIA MODELADA]],INDIRECT("'"&Tabela2[[#This Row],[MODELO]]&"'!$A$1:$A$5000"),0)+3))} -> PSATSFC
A26: =IF(AND(K25>1,L25<>K25),A25,A25+1) -> 15 | B26: SMAP GRANDE E PARANAIBA | C26: SMP_GRPRNB | D26: Paranaíba | E26: {=IF(K26=0,F26,TRIM(OFFSET(INDIRECT("'"&B26&"'!A1"),I26+L26,1)))} -> Emborcação | F26: {=TRIM(SUBSTITUTE(INDEX(INDIRECT("'"&B26&"'!A1:A1000"),H26),"Sub-bacia modelada:",""))} -> Emborcação | G26: =IF(K26=0,"BASE - POSTO FLU",IF(OR(E26=F26,K26=1),"BASE - RESERVATÓRIO","NÃO BASE")) -> BASE - RESERVATÓRIO | H26: {=SMALL(ROW(INDIRECT("'"&B26&"'!A1:A1000"))*IF(ISNUMBER(FIND("Sub-bacia modelada:",INDIRECT("'"&B26&"'!A1:A1000"))),1,9999),RESUMO!A26)} -> 306 | I26: =MATCH("Código",INDIRECT("'"&B26&"'!A"&H26&":A"&H26+20),0)+H26-1 -> 309 | J26: =MATCH("Código",INDIRECT("'"&B26&"'!A"&I26+1&":A"&H26+20),0)+I26 -> 313 | K26: =COUNT(INDIRECT("'"&B26&"'!A"&I26&":A"&J26)) -> 1 | L26: =COUNTIF($F$1:F26,F26) -> 1 | M26: {=IF(Tabela2[[#This Row],[TIPO]]<>"BASE - POSTO FLU",_xlfn.XLOOKUP(Tabela2[[#This Row],[SUBBACIA]],INDIRECT("'"&Tabela2[[#This Row],[MODELO]]&"'!B1:B5000"),INDIRECT("'"&Tabela2[[#This Row],[MODELO]]&"'!A1:A5000")),"")} -> 24 | N26: {=IF(Tabela2[[#This Row],[TIPO]]="BASE - POSTO FLU",OFFSET(INDIRECT("'"&Tabela2[[#This Row],[MODELO]]&"'!A1"),MATCH("Sub-bacia modelada: "&Tabela2[[#This Row],[SUBBACIA]],INDIRECT("'"&Tabela2[[#This Row],[MODELO]]&"'!A1:A5000"),0)+8,0),"")} | O26: {=IF(Tabela2[[#This Row],[TIPO]]="NÃO BASE","",INDEX(INDIRECT("'"&Tabela2[[#This Row],[MODELO]]&"'!$A$1:$A$5000"),MATCH("Precipitação verificada:",OFFSET(INDIRECT("'"&Tabela2[[#This Row],[MODELO]]&"'!$A$1"),MATCH("Sub-bacia modelada: "&Tabela2[[#This Row],[SUBBACIA MODELADA]],INDIRECT("'"&Tabela2[[#This Row],[MODELO]]&"'!$A$1:$A$5000"),0),0,25,1),0)+MATCH("Sub-bacia modelada: "&Tabela2[[#This Row],[SUBBACIA MODELADA]],INDIRECT("'"&Tabela2[[#This Row],[MODELO]]&"'!$A$1:$A$5000"),0)+3))} -> PSATEMB
A27: =IF(AND(K26>1,L26<>K26),A26,A26+1) -> 16 | B27: SMAP GRANDE E PARANAIBA | C27: SMP_GRPRNB | D27: Paranaíba | E27: {=IF(K27=0,F27,TRIM(OFFSET(INDIRECT("'"&B27&"'!A1"),I27+L27,1)))} -> Nova Ponte | F27: {=TRIM(SUBSTITUTE(INDEX(INDIRECT("'"&B27&"'!A1:A1000"),H27),"Sub-bacia modelada:",""))} -> Nova Ponte | G27: =IF(K27=0,"BASE - POSTO FLU",IF(OR(E27=F27,K27=1),"BASE - RESERVATÓRIO","NÃO BASE")) -> BASE - RESERVATÓRIO | H27: {=SMALL(ROW(INDIRECT("'"&B27&"'!A1:A1000"))*IF(ISNUMBER(FIND("Sub-bacia modelada:",INDIRECT("'"&B27&"'!A1:A1000"))),1,9999),RESUMO!A27)} -> 327 | I27: =MATCH("Código",INDIRECT("'"&B27&"'!A"&H27&":A"&H27+20),0)+H27-1 -> 330 | J27: =MATCH("Código",INDIRECT("'"&B27&"'!A"&I27+1&":A"&H27+20),0)+I27 -> 334 | K27: =COUNT(INDIRECT("'"&B27&"'!A"&I27&":A"&J27)) -> 1 | L27: =COUNTIF($F$1:F27,F27) -> 1 | M27: {=IF(Tabela2[[#This Row],[TIPO]]<>"BASE - POSTO FLU",_xlfn.XLOOKUP(Tabela2[[#This Row],[SUBBACIA]],INDIRECT("'"&Tabela2[[#This Row],[MODELO]]&"'!B1:B5000"),INDIRECT("'"&Tabela2[[#This Row],[MODELO]]&"'!A1:A5000")),"")} -> 25 | N27: {=IF(Tabela2[[#This Row],[TIPO]]="BASE - POSTO FLU",OFFSET(INDIRECT("'"&Tabela2[[#This Row],[MODELO]]&"'!A1"),MATCH("Sub-bacia modelada: "&Tabela2[[#This Row],[SUBBACIA]],INDIRECT("'"&Tabela2[[#This Row],[MODELO]]&"'!A1:A5000"),0)+8,0),"")} | O27: {=IF(Tabela2[[#This Row],[TIPO]]="NÃO BASE","",INDEX(INDIRECT("'"&Tabela2[[#This Row],[MODELO]]&"'!$A$1:$A$5000"),MATCH("Precipitação verificada:",OFFSET(INDIRECT("'"&Tabela2[[#This Row],[MODELO]]&"'!$A$1"),MATCH("Sub-bacia modelada: "&Tabela2[[#This Row],[SUBBACIA MODELADA]],INDIRECT("'"&Tabela2[[#This Row],[MODELO]]&"'!$A$1:$A$5000"),0),0,25,1),0)+MATCH("Sub-bacia modelada: "&Tabela2[[#This Row],[SUBBACIA MODELADA]],INDIRECT("'"&Tabela2[[#This Row],[MODELO]]&"'!$A$1:$A$5000"),0)+3))} -> PSATNPTE
A28: =IF(AND(K27>1,L27<>K27),A27,A27+1) -> 17 | B28: SMAP GRANDE E PARANAIBA | C28: SMP_GRPRNB | D28: Paranaíba | E28: {=IF(K28=0,F28,TRIM(OFFSET(INDIRECT("'"&B28&"'!A1"),I28+L28,1)))} -> Capim Branco 2 | F28: {=TRIM(SUBSTITUTE(INDEX(INDIRECT("'"&B28&"'!A1:A1000"),H28),"Sub-bacia modelada:",""))} -> Itumbiara | G28: =IF(K28=0,"BASE - POSTO FLU",IF(OR(E28=F28,K28=1),"BASE - RESERVATÓRIO","NÃO BASE")) -> NÃO BASE | H28: {=SMALL(ROW(INDIRECT("'"&B28&"'!A1:A1000"))*IF(ISNUMBER(FIND("Sub-bacia modelada:",INDIRECT("'"&B28&"'!A1:A1000"))),1,9999),RESUMO!A28)} -> 348 | I28: =MATCH("Código",INDIRECT("'"&B28&"'!A"&H28&":A"&H28+20),0)+H28-1 -> 351 | J28: =MATCH("Código",INDIRECT("'"&B28&"'!A"&I28+1&":A"&H28+20),0)+I28 -> 358 | K28: =COUNT(INDIRECT("'"&B28&"'!A"&I28&":A"&J28)) -> 4 | L28: =COUNTIF($F$1:F28,F28) -> 1 | M28: {=IF(Tabela2[[#This Row],[TIPO]]<>"BASE - POSTO FLU",_xlfn.XLOOKUP(Tabela2[[#This Row],[SUBBACIA]],INDIRECT("'"&Tabela2[[#This Row],[MODELO]]&"'!B1:B5000"),INDIRECT("'"&Tabela2[[#This Row],[MODELO]]&"'!A1:A5000")),"")} -> 28 | N28: {=IF(Tabela2[[#This Row],[TIPO]]="BASE - POSTO FLU",OFFSET(INDIRECT("'"&Tabela2[[#This Row],[MODELO]]&"'!A1"),MATCH("Sub-bacia modelada: "&Tabela2[[#This Row],[SUBBACIA]],INDIRECT("'"&Tabela2[[#This Row],[MODELO]]&"'!A1:A5000"),0)+8,0),"")} | O28: {=IF(Tabela2[[#This Row],[TIPO]]="NÃO BASE","",INDEX(INDIRECT("'"&Tabela2[[#This Row],[MODELO]]&"'!$A$1:$A$5000"),MATCH("Precipitação verificada:",OFFSET(INDIRECT("'"&Tabela2[[#This Row],[MODELO]]&"'!$A$1"),MATCH("Sub-bacia modelada: "&Tabela2[[#This Row],[SUBBACIA MODELADA]],INDIRECT("'"&Tabela2[[#This Row],[MODELO]]&"'!$A$1:$A$5000"),0),0,25,1),0)+MATCH("Sub-bacia modelada: "&Tabela2[[#This Row],[SUBBACIA MODELADA]],INDIRECT("'"&Tabela2[[#This Row],[MODELO]]&"'!$A$1:$A$5000"),0)+3))}
A29: =IF(AND(K28>1,L28<>K28),A28,A28+1) -> 17 | B29: SMAP GRANDE E PARANAIBA | C29: SMP_GRPRNB | D29: Paranaíba | E29: {=IF(K29=0,F29,TRIM(OFFSET(INDIRECT("'"&B29&"'!A1"),I29+L29,1)))} -> Itumbiara | F29: {=TRIM(SUBSTITUTE(INDEX(INDIRECT("'"&B29&"'!A1:A1000"),H29),"Sub-bacia modelada:",""))} -> Itumbiara | G29: =IF(K29=0,"BASE - POSTO FLU",IF(OR(E29=F29,K29=1),"BASE - RESERVATÓRIO","NÃO BASE")) -> BASE - RESERVATÓRIO | H29: {=SMALL(ROW(INDIRECT("'"&B29&"'!A1:A1000"))*IF(ISNUMBER(FIND("Sub-bacia modelada:",INDIRECT("'"&B29&"'!A1:A1000"))),1,9999),RESUMO!A29)} -> 348 | I29: =MATCH("Código",INDIRECT("'"&B29&"'!A"&H29&":A"&H29+20),0)+H29-1 -> 351 | J29: =MATCH("Código",INDIRECT("'"&B29&"'!A"&I29+1&":A"&H29+20),0)+I29 -> 358 | K29: =COUNT(INDIRECT("'"&B29&"'!A"&I29&":A"&J29)) -> 4 | L29: =COUNTIF($F$1:F29,F29) -> 2 | M29: {=IF(Tabela2[[#This Row],[TIPO]]<>"BASE - POSTO FLU",_xlfn.XLOOKUP(Tabela2[[#This Row],[SUBBACIA]],INDIRECT("'"&Tabela2[[#This Row],[MODELO]]&"'!B1:B5000"),INDIRECT("'"&Tabela2[[#This Row],[MODELO]]&"'!A1:A5000")),"")} -> 31 | N29: {=IF(Tabela2[[#This Row],[TIPO]]="BASE - POSTO FLU",OFFSET(INDIRECT("'"&Tabela2[[#This Row],[MODELO]]&"'!A1"),MATCH("Sub-bacia modelada: "&Tabela2[[#This Row],[SUBBACIA]],INDIRECT("'"&Tabela2[[#This Row],[MODELO]]&"'!A1:A5000"),0)+8,0),"")} | O29: {=IF(Tabela2[[#This Row],[TIPO]]="NÃO BASE","",INDEX(INDIRECT("'"&Tabela2[[#This Row],[MODELO]]&"'!$A$1:$A$5000"),MATCH("Precipitação verificada:",OFFSET(INDIRECT("'"&Tabela2[[#This Row],[MODELO]]&"'!$A$1"),MATCH("Sub-bacia modelada: "&Tabela2[[#This Row],[SUBBACIA MODELADA]],INDIRECT("'"&Tabela2[[#This Row],[MODELO]]&"'!$A$1:$A$5000"),0),0,25,1),0)+MATCH("Sub-bacia modelada: "&Tabela2[[#This Row],[SUBBACIA MODELADA]],INDIRECT("'"&Tabela2[[#This Row],[MODELO]]&"'!$A$1:$A$5000"),0)+3))} -> PSATIMBR
A30: =IF(AND(K29>1,L29<>K29),A29,A29+1) -> 17 | B30: SMAP GRANDE E PARANAIBA | C30: SMP_GRPRNB | D30: Paranaíba | E30: {=IF(K30=0,F30,TRIM(OFFSET(INDIRECT("'"&B30&"'!A1"),I30+L30,1)))} -> Miranda | F30: {=TRIM(SUBSTITUTE(INDEX(INDIRECT("'"&B30&"'!A1:A1000"),H30),"Sub-bacia modelada:",""))} -> Itumbiara | G30: =IF(K30=0,"BASE - POSTO FLU",IF(OR(E30=F30,K30=1),"BASE - RESERVATÓRIO","NÃO BASE")) -> NÃO BASE | H30: {=SMALL(ROW(INDIRECT("'"&B30&"'!A1:A1000"))*IF(ISNUMBER(FIND("Sub-bacia modelada:",INDIRECT("'"&B30&"'!A1:A1000"))),1,9999),RESUMO!A30)} -> 348 | I30: =MATCH("Código",INDIRECT("'"&B30&"'!A"&H30&":A"&H30+20),0)+H30-1 -> 351 | J30: =MATCH("Código",INDIRECT("'"&B30&"'!A"&I30+1&":A"&H30+20),0)+I30 -> 358 | K30: =COUNT(INDIRECT("'"&B30&"'!A"&I30&":A"&J30)) -> 4 | L30: =COUNTIF($F$1:F30,F30) -> 3 | M30: {=IF(Tabela2[[#This Row],[TIPO]]<>"BASE - POSTO FLU",_xlfn.XLOOKUP(Tabela2[[#This Row],[SUBBACIA]],INDIRECT("'"&Tabela2[[#This Row],[MODELO]]&"'!B1:B5000"),INDIRECT("'"&Tabela2[[#This Row],[MODELO]]&"'!A1:A5000")),"")} -> 206 | N30: {=IF(Tabela2[[#This Row],[TIPO]]="BASE - POSTO FLU",OFFSET(INDIRECT("'"&Tabela2[[#This Row],[MODELO]]&"'!A1"),MATCH("Sub-bacia modelada: "&Tabela2[[#This Row],[SUBBACIA]],INDIRECT("'"&Tabela2[[#This Row],[MODELO]]&"'!A1:A5000"),0)+8,0),"")} | O30: {=IF(Tabela2[[#This Row],[TIPO]]="NÃO BASE","",INDEX(INDIRECT("'"&Tabela2[[#This Row],[MODELO]]&"'!$A$1:$A$5000"),MATCH("Precipitação verificada:",OFFSET(INDIRECT("'"&Tabela2[[#This Row],[MODELO]]&"'!$A$1"),MATCH("Sub-bacia modelada: "&Tabela2[[#This Row],[SUBBACIA MODELADA]],INDIRECT("'"&Tabela2[[#This Row],[MODELO]]&"'!$A$1:$A$5000"),0),0,25,1),0)+MATCH("Sub-bacia modelada: "&Tabela2[[#This Row],[SUBBACIA MODELADA]],INDIRECT("'"&Tabela2[[#This Row],[MODELO]]&"'!$A$1:$A$5000"),0)+3))}
A31: =IF(AND(K30>1,L30<>K30),A30,A30+1) -> 17 | B31: SMAP GRANDE E PARANAIBA | C31: SMP_GRPRNB | D31: Paranaíba | E31: {=IF(K31=0,F31,TRIM(OFFSET(INDIRECT("'"&B31&"'!A1"),I31+L31,1)))} -> Capim Branco 1 | F31: {=TRIM(SUBSTITUTE(INDEX(INDIRECT("'"&B31&"'!A1:A1000"),H31),"Sub-bacia modelada:",""))} -> Itumbiara | G31: =IF(K31=0,"BASE - POSTO FLU",IF(OR(E31=F31,K31=1),"BASE - RESERVATÓRIO","NÃO BASE")) -> NÃO BASE | H31: {=SMALL(ROW(INDIRECT("'"&B31&"'!A1:A1000"))*IF(ISNUMBER(FIND("Sub-bacia modelada:",INDIRECT("'"&B31&"'!A1:A1000"))),1,9999),RESUMO!A31)} -> 348 | I31: =MATCH("Código",INDIRECT("'"&B31&"'!A"&H31&":A"&H31+20),0)+H31-1 -> 351 | J31: =MATCH("Código",INDIRECT("'"&B31&"'!A"&I31+1&":A"&H31+20),0)+I31 -> 358 | K31: =COUNT(INDIRECT("'"&B31&"'!A"&I31&":A"&J31)) -> 4 | L31: =COUNTIF($F$1:F31,F31) -> 4 | M31: {=IF(Tabela2[[#This Row],[TIPO]]<>"BASE - POSTO FLU",_xlfn.XLOOKUP(Tabela2[[#This Row],[SUBBACIA]],INDIRECT("'"&Tabela2[[#This Row],[MODELO]]&"'!B1:B5000"),INDIRECT("'"&Tabela2[[#This Row],[MODELO]]&"'!A1:A5000")),"")} -> 207 | N31: {=IF(Tabela2[[#This Row],[TIPO]]="BASE - POSTO FLU",OFFSET(INDIRECT("'"&Tabela2[[#This Row],[MODELO]]&"'!A1"),MATCH("Sub-bacia modelada: "&Tabela2[[#This Row],[SUBBACIA]],INDIRECT("'"&Tabela2[[#This Row],[MODELO]]&"'!A1:A5000"),0)+8,0),"")} | O31: {=IF(Tabela2[[#This Row],[TIPO]]="NÃO BASE","",INDEX(INDIRECT("'"&Tabela2[[#This Row],[MODELO]]&"'!$A$1:$A$5000"),MATCH("Precipitação verificada:",OFFSET(INDIRECT("'"&Tabela2[[#This Row],[MODELO]]&"'!$A$1"),MATCH("Sub-bacia modelada: "&Tabela2[[#This Row],[SUBBACIA MODELADA]],INDIRECT("'"&Tabela2[[#This Row],[MODELO]]&"'!$A$1:$A$5000"),0),0,25,1),0)+MATCH("Sub-bacia modelada: "&Tabela2[[#This Row],[SUBBACIA MODELADA]],INDIRECT("'"&Tabela2[[#This Row],[MODELO]]&"'!$A$1:$A$5000"),0)+3))}
A32: =IF(AND(K31>1,L31<>K31),A31,A31+1) -> 18 | B32: SMAP GRANDE E PARANAIBA | C32: SMP_GRPRNB | D32: Paranaíba | E32: {=IF(K32=0,F32,TRIM(OFFSET(INDIRECT("'"&B32&"'!A1"),I32+L32,1)))} -> Abaixo do Rio Verde | F32: {=TRIM(SUBSTITUTE(INDEX(INDIRECT("'"&B32&"'!A1:A1000"),H32),"Sub-bacia modelada:",""))} -> Abaixo do Rio Verde | G32: =IF(K32=0,"BASE - POSTO FLU",IF(OR(E32=F32,K32=1),"BASE - RESERVATÓRIO","NÃO BASE")) -> BASE - POSTO FLU | H32: {=SMALL(ROW(INDIRECT("'"&B32&"'!A1:A1000"))*IF(ISNUMBER(FIND("Sub-bacia modelada:",INDIRECT("'"&B32&"'!A1:A1000"))),1,9999),RESUMO!A32)} -> 372 | I32: =MATCH("Código",INDIRECT("'"&B32&"'!A"&H32&":A"&H32+20),0)+H32-1 -> 375 | J32: =MATCH("Código",INDIRECT("'"&B32&"'!A"&I32+1&":A"&H32+20),0)+I32 -> 379 | K32: =COUNT(INDIRECT("'"&B32&"'!A"&I32&":A"&J32)) -> 0 | L32: =COUNTIF($F$1:F32,F32) -> 1 | M32: {=IF(Tabela2[[#This Row],[TIPO]]<>"BASE - POSTO FLU",_xlfn.XLOOKUP(Tabela2[[#This Row],[SUBBACIA]],INDIRECT("'"&Tabela2[[#This Row],[MODELO]]&"'!B1:B5000"),INDIRECT("'"&Tabela2[[#This Row],[MODELO]]&"'!A1:A5000")),"")} | N32: {=IF(Tabela2[[#This Row],[TIPO]]="BASE - POSTO FLU",OFFSET(INDIRECT("'"&Tabela2[[#This Row],[MODELO]]&"'!A1"),MATCH("Sub-bacia modelada: "&Tabela2[[#This Row],[SUBBACIA]],INDIRECT("'"&Tabela2[[#This Row],[MODELO]]&"'!A1:A5000"),0)+8,0),"")} -> 60805100 | O32: {=IF(Tabela2[[#This Row],[TIPO]]="NÃO BASE","",INDEX(INDIRECT("'"&Tabela2[[#This Row],[MODELO]]&"'!$A$1:$A$5000"),MATCH("Precipitação verificada:",OFFSET(INDIRECT("'"&Tabela2[[#This Row],[MODELO]]&"'!$A$1"),MATCH("Sub-bacia modelada: "&Tabela2[[#This Row],[SUBBACIA MODELADA]],INDIRECT("'"&Tabela2[[#This Row],[MODELO]]&"'!$A$1:$A$5000"),0),0,25,1),0)+MATCH("Sub-bacia modelada: "&Tabela2[[#This Row],[SUBBACIA MODELADA]],INDIRECT("'"&Tabela2[[#This Row],[MODELO]]&"'!$A$1:$A$5000"),0)+3))} -> PSATARV
A33: =IF(AND(K32>1,L32<>K32),A32,A32+1) -> 19 | B33: SMAP GRANDE E PARANAIBA | C33: SMP_GRPRNB | D33: Paranaíba | E33: {=IF(K33=0,F33,TRIM(OFFSET(INDIRECT("'"&B33&"'!A1"),I33+L33,1)))} -> C. Dourada | F33: {=TRIM(SUBSTITUTE(INDEX(INDIRECT("'"&B33&"'!A1:A1000"),H33),"Sub-bacia modelada:",""))} -> São Simão | G33: =IF(K33=0,"BASE - POSTO FLU",IF(OR(E33=F33,K33=1),"BASE - RESERVATÓRIO","NÃO BASE")) -> NÃO BASE | H33: {=SMALL(ROW(INDIRECT("'"&B33&"'!A1:A1000"))*IF(ISNUMBER(FIND("Sub-bacia modelada:",INDIRECT("'"&B33&"'!A1:A1000"))),1,9999),RESUMO!A33)} -> 393 | I33: =MATCH("Código",INDIRECT("'"&B33&"'!A"&H33&":A"&H33+20),0)+H33-1 -> 396 | J33: =MATCH("Código",INDIRECT("'"&B33&"'!A"&I33+1&":A"&H33+20),0)+I33 -> 401 | K33: =COUNT(INDIRECT("'"&B33&"'!A"&I33&":A"&J33)) -> 2 | L33: =COUNTIF($F$1:F33,F33) -> 1 | M33: {=IF(Tabela2[[#This Row],[TIPO]]<>"BASE - POSTO FLU",_xlfn.XLOOKUP(Tabela2[[#This Row],[SUBBACIA]],INDIRECT("'"&Tabela2[[#This Row],[MODELO]]&"'!B1:B5000"),INDIRECT("'"&Tabela2[[#This Row],[MODELO]]&"'!A1:A5000")),"")} -> 32 | N33: {=IF(Tabela2[[#This Row],[TIPO]]="BASE - POSTO FLU",OFFSET(INDIRECT("'"&Tabela2[[#This Row],[MODELO]]&"'!A1"),MATCH("Sub-bacia modelada: "&Tabela2[[#This Row],[SUBBACIA]],INDIRECT("'"&Tabela2[[#This Row],[MODELO]]&"'!A1:A5000"),0)+8,0),"")} | O33: {=IF(Tabela2[[#This Row],[TIPO]]="NÃO BASE","",INDEX(INDIRECT("'"&Tabela2[[#This Row],[MODELO]]&"'!$A$1:$A$5000"),MATCH("Precipitação verificada:",OFFSET(INDIRECT("'"&Tabela2[[#This Row],[MODELO]]&"'!$A$1"),MATCH("Sub-bacia modelada: "&Tabela2[[#This Row],[SUBBACIA MODELADA]],INDIRECT("'"&Tabela2[[#This Row],[MODELO]]&"'!$A$1:$A$5000"),0),0,25,1),0)+MATCH("Sub-bacia modelada: "&Tabela2[[#This Row],[SUBBACIA MODELADA]],INDIRECT("'"&Tabela2[[#This Row],[MODELO]]&"'!$A$1:$A$5000"),0)+3))}
A34: =IF(AND(K33>1,L33<>K33),A33,A33+1) -> 19 | B34: SMAP GRANDE E PARANAIBA | C34: SMP_GRPRNB | D34: Paranaíba | E34: {=IF(K34=0,F34,TRIM(OFFSET(INDIRECT("'"&B34&"'!A1"),I34+L34,1)))} -> São Simão | F34: {=TRIM(SUBSTITUTE(INDEX(INDIRECT("'"&B34&"'!A1:A1000"),H34),"Sub-bacia modelada:",""))} -> São Simão | G34: =IF(K34=0,"BASE - POSTO FLU",IF(OR(E34=F34,K34=1),"BASE - RESERVATÓRIO","NÃO BASE")) -> BASE - RESERVATÓRIO | H34: {=SMALL(ROW(INDIRECT("'"&B34&"'!A1:A1000"))*IF(ISNUMBER(FIND("Sub-bacia modelada:",INDIRECT("'"&B34&"'!A1:A1000"))),1,9999),RESUMO!A34)} -> 393 | I34: =MATCH("Código",INDIRECT("'"&B34&"'!A"&H34&":A"&H34+20),0)+H34-1 -> 396 | J34: =MATCH("Código",INDIRECT("'"&B34&"'!A"&I34+1&":A"&H34+20),0)+I34 -> 401 | K34: =COUNT(INDIRECT("'"&B34&"'!A"&I34&":A"&J34)) -> 2 | L34: =COUNTIF($F$1:F34,F34) -> 2 | M34: {=IF(Tabela2[[#This Row],[TIPO]]<>"BASE - POSTO FLU",_xlfn.XLOOKUP(Tabela2[[#This Row],[SUBBACIA]],INDIRECT("'"&Tabela2[[#This Row],[MODELO]]&"'!B1:B5000"),INDIRECT("'"&Tabela2[[#This Row],[MODELO]]&"'!A1:A5000")),"")} -> 33 | N34: {=IF(Tabela2[[#This Row],[TIPO]]="BASE - POSTO FLU",OFFSET(INDIRECT("'"&Tabela2[[#This Row],[MODELO]]&"'!A1"),MATCH("Sub-bacia modelada: "&Tabela2[[#This Row],[SUBBACIA]],INDIRECT("'"&Tabela2[[#This Row],[MODELO]]&"'!A1:A5000"),0)+8,0),"")} | O34: {=IF(Tabela2[[#This Row],[TIPO]]="NÃO BASE","",INDEX(INDIRECT("'"&Tabela2[[#This Row],[MODELO]]&"'!$A$1:$A$5000"),MATCH("Precipitação verificada:",OFFSET(INDIRECT("'"&Tabela2[[#This Row],[MODELO]]&"'!$A$1"),MATCH("Sub-bacia modelada: "&Tabela2[[#This Row],[SUBBACIA MODELADA]],INDIRECT("'"&Tabela2[[#This Row],[MODELO]]&"'!$A$1:$A$5000"),0),0,25,1),0)+MATCH("Sub-bacia modelada: "&Tabela2[[#This Row],[SUBBACIA MODELADA]],INDIRECT("'"&Tabela2[[#This Row],[MODELO]]&"'!$A$1:$A$5000"),0)+3))} -> PSATSSM
A35: =IF(AND(K34>1,L34<>K34),A34,A34+1) -> 20 | B35: SMAP GRANDE E PARANAIBA | C35: SMP_GRPRNB | D35: Paranaíba | E35: {=IF(K35=0,F35,TRIM(OFFSET(INDIRECT("'"&B35&"'!A1"),I35+L35,1)))} -> Espora | F35: {=TRIM(SUBSTITUTE(INDEX(INDIRECT("'"&B35&"'!A1:A1000"),H35),"Sub-bacia modelada:",""))} -> Espora | G35: =IF(K35=0,"BASE - POSTO FLU",IF(OR(E35=F35,K35=1),"BASE - RESERVATÓRIO","NÃO BASE")) -> BASE - RESERVATÓRIO | H35: {=SMALL(ROW(INDIRECT("'"&B35&"'!A1:A1000"))*IF(ISNUMBER(FIND("Sub-bacia modelada:",INDIRECT("'"&B35&"'!A1:A1000"))),1,9999),RESUMO!A35)} -> 415 | I35: =MATCH("Código",INDIRECT("'"&B35&"'!A"&H35&":A"&H35+20),0)+H35-1 -> 418 | J35: =MATCH("Código",INDIRECT("'"&B35&"'!A"&I35+1&":A"&H35+20),0)+I35 -> 422 | K35: =COUNT(INDIRECT("'"&B35&"'!A"&I35&":A"&J35)) -> 1 | L35: =COUNTIF($F$1:F35,F35) -> 1 | M35: {=IF(Tabela2[[#This Row],[TIPO]]<>"BASE - POSTO FLU",_xlfn.XLOOKUP(Tabela2[[#This Row],[SUBBACIA]],INDIRECT("'"&Tabela2[[#This Row],[MODELO]]&"'!B1:B5000"),INDIRECT("'"&Tabela2[[#This Row],[MODELO]]&"'!A1:A5000")),"")} -> 99 | N35: {=IF(Tabela2[[#This Row],[TIPO]]="BASE - POSTO FLU",OFFSET(INDIRECT("'"&Tabela2[[#This Row],[MODELO]]&"'!A1"),MATCH("Sub-bacia modelada: "&Tabela2[[#This Row],[SUBBACIA]],INDIRECT("'"&Tabela2[[#This Row],[MODELO]]&"'!A1:A5000"),0)+8,0),"")} | O35: {=IF(Tabela2[[#This Row],[TIPO]]="NÃO BASE","",INDEX(INDIRECT("'"&Tabela2[[#This Row],[MODELO]]&"'!$A$1:$A$5000"),MATCH("Precipitação verificada:",OFFSET(INDIRECT("'"&Tabela2[[#This Row],[MODELO]]&"'!$A$1"),MATCH("Sub-bacia modelada: "&Tabela2[[#This Row],[SUBBACIA MODELADA]],INDIRECT("'"&Tabela2[[#This Row],[MODELO]]&"'!$A$1:$A$5000"),0),0,25,1),0)+MATCH("Sub-bacia modelada: "&Tabela2[[#This Row],[SUBBACIA MODELADA]],INDIRECT("'"&Tabela2[[#This Row],[MODELO]]&"'!$A$1:$A$5000"),0)+3))} -> PSATESP
... A38: =IF(AND(K37>1,L37<>K37),A37,A37+1) -> 21 | B38: SMAP GRANDE E PARANAIBA | C38: SMP_GRPRNB | D38: Paranaíba | E38: {=IF(K38=0,F38,TRIM(OFFSET(INDIRECT("'"&B38&"'!A1"),I38+L38,1)))} -> Foz do Rio Claro | F38: {=TRIM(SUBSTITUTE(INDEX(INDIRECT("'"&B38&"'!A1:A1000"),H38),"Sub-bacia modelada:",""))} -> Foz do Rio Claro | G38: =IF(K38=0,"BASE - POSTO FLU",IF(OR(E38=F38,K38=1),"BASE - RESERVATÓRIO","NÃO BASE")) -> BASE - RESERVATÓRIO | H38: {=SMALL(ROW(INDIRECT("'"&B38&"'!A1:A1000"))*IF(ISNUMBER(FIND("Sub-bacia modelada:",INDIRECT("'"&B38&"'!A1:A1000"))),1,9999),RESUMO!A38)} -> 436 | I38: =MATCH("Código",INDIRECT("'"&B38&"'!A"&H38&":A"&H38+20),0)+H38-1 -> 439 | J38: =MATCH("Código",INDIRECT("'"&B38&"'!A"&I38+1&":A"&H38+20),0)+I38 -> 445 | K38: =COUNT(INDIRECT("'"&B38&"'!A"&I38&":A"&J38)) -> 3 | L38: =COUNTIF($F$1:F38,F38) -> 3 | M38: {=IF(Tabela2[[#This Row],[TIPO]]<>"BASE - POSTO FLU",_xlfn.XLOOKUP(Tabela2[[#This Row],[SUBBACIA]],INDIRECT("'"&Tabela2[[#This Row],[MODELO]]&"'!B1:B5000"),INDIRECT("'"&Tabela2[[#This Row],[MODELO]]&"'!A1:A5000")),"")} -> 261 | N38: {=IF(Tabela2[[#This Row],[TIPO]]="BASE - POSTO FLU",OFFSET(INDIRECT("'"&Tabela2[[#This Row],[MODELO]]&"'!A1"),MATCH("Sub-bacia modelada: "&Tabela2[[#This Row],[SUBBACIA]],INDIRECT("'"&Tabela2[[#This Row],[MODELO]]&"'!A1:A5000"),0)+8,0),"")} | O38: {=IF(Tabela2[[#This Row],[TIPO]]="NÃO BASE","",INDEX(INDIRECT("'"&Tabela2[[#This Row],[MODELO]]&"'!$A$1:$A$5000"),MATCH("Precipitação verificada:",OFFSET(INDIRECT("'"&Tabela2[[#This Row],[MODELO]]&"'!$A$1"),MATCH("Sub-bacia modelada: "&Tabela2[[#This Row],[SUBBACIA MODELADA]],INDIRECT("'"&Tabela2[[#This Row],[MODELO]]&"'!$A$1:$A$5000"),0),0,25,1),0)+MATCH("Sub-bacia modelada: "&Tabela2[[#This Row],[SUBBACIA MODELADA]],INDIRECT("'"&Tabela2[[#This Row],[MODELO]]&"'!$A$1:$A$5000"),0)+3))} -> PSATFRCL
A39: =IF(AND(K38>1,L38<>K38),A38,A38+1) -> 22 | B39: SMAP GRANDE E PARANAIBA | C39: SMP_GRPRNB | D39: Paranaíba | E39: {=IF(K39=0,F39,TRIM(OFFSET(INDIRECT("'"&B39&"'!A1"),I39+L39,1)))} -> S.R. Verdinho | F39: {=TRIM(SUBSTITUTE(INDEX(INDIRECT("'"&B39&"'!A1:A1000"),H39),"Sub-bacia modelada:",""))} -> Salto Rio Verdinho | G39: BASE - RESERVATÓRIO | H39: {=SMALL(ROW(INDIRECT("'"&B39&"'!A1:A1000"))*IF(ISNUMBER(FIND("Sub-bacia modelada:",INDIRECT("'"&B39&"'!A1:A1000"))),1,9999),RESUMO!A39)} -> 459 | I39: =MATCH("Código",INDIRECT("'"&B39&"'!A"&H39&":A"&H39+20),0)+H39-1 -> 462 | J39: =MATCH("Código",INDIRECT("'"&B39&"'!A"&I39+1&":A"&H39+20),0)+I39 -> 467 | K39: =COUNT(INDIRECT("'"&B39&"'!A"&I39&":A"&J39)) -> 2 | L39: =COUNTIF($F$1:F39,F39) -> 1 | M39: {=IF(Tabela2[[#This Row],[TIPO]]<>"BASE - POSTO FLU",_xlfn.XLOOKUP(Tabela2[[#This Row],[SUBBACIA]],INDIRECT("'"&Tabela2[[#This Row],[MODELO]]&"'!B1:B5000"),INDIRECT("'"&Tabela2[[#This Row],[MODELO]]&"'!A1:A5000")),"")} -> 241 | N39: {=IF(Tabela2[[#This Row],[TIPO]]="BASE - POSTO FLU",OFFSET(INDIRECT("'"&Tabela2[[#This Row],[MODELO]]&"'!A1"),MATCH("Sub-bacia modelada: "&Tabela2[[#This Row],[SUBBACIA]],INDIRECT("'"&Tabela2[[#This Row],[MODELO]]&"'!A1:A5000"),0)+8,0),"")} | O39: {=IF(Tabela2[[#This Row],[TIPO]]="NÃO BASE","",INDEX(INDIRECT("'"&Tabela2[[#This Row],[MODELO]]&"'!$A$1:$A$5000"),MATCH("Precipitação verificada:",OFFSET(INDIRECT("'"&Tabela2[[#This Row],[MODELO]]&"'!$A$1"),MATCH("Sub-bacia modelada: "&Tabela2[[#This Row],[SUBBACIA MODELADA]],INDIRECT("'"&Tabela2[[#This Row],[MODELO]]&"'!$A$1:$A$5000"),0),0,25,1),0)+MATCH("Sub-bacia modelada: "&Tabela2[[#This Row],[SUBBACIA MODELADA]],INDIRECT("'"&Tabela2[[#This Row],[MODELO]]&"'!$A$1:$A$5000"),0)+3))} -> PSATSRC
A40: =IF(AND(K39>1,L39<>K39),A39,A39+1) -> 22 | B40: SMAP GRANDE E PARANAIBA | C40: SMP_GRPRNB | D40: Paranaíba | E40: {=IF(K40=0,F40,TRIM(OFFSET(INDIRECT("'"&B40&"'!A1"),I40+L40,1)))} -> Salto | F40: {=TRIM(SUBSTITUTE(INDEX(INDIRECT("'"&B40&"'!A1:A1000"),H40),"Sub-bacia modelada:",""))} -> Salto Rio Verdinho | G40: =IF(K40=0,"BASE - POSTO FLU",IF(OR(E40=F40,K40=1),"BASE - RESERVATÓRIO","NÃO BASE")) -> NÃO BASE | H40: {=SMALL(ROW(INDIRECT("'"&B40&"'!A1:A1000"))*IF(ISNUMBER(FIND("Sub-bacia modelada:",INDIRECT("'"&B40&"'!A1:A1000"))),1,9999),RESUMO!A40)} -> 459 | I40: =MATCH("Código",INDIRECT("'"&B40&"'!A"&H40&":A"&H40+20),0)+H40-1 -> 462 | J40: =MATCH("Código",INDIRECT("'"&B40&"'!A"&I40+1&":A"&H40+20),0)+I40 -> 467 | K40: =COUNT(INDIRECT("'"&B40&"'!A"&I40&":A"&J40)) -> 2 | L40: =COUNTIF($F$1:F40,F40) -> 2 | M40: {=IF(Tabela2[[#This Row],[TIPO]]<>"BASE - POSTO FLU",_xlfn.XLOOKUP(Tabela2[[#This Row],[SUBBACIA]],INDIRECT("'"&Tabela2[[#This Row],[MODELO]]&"'!B1:B5000"),INDIRECT("'"&Tabela2[[#This Row],[MODELO]]&"'!A1:A5000")),"")} -> 294 | N40: {=IF(Tabela2[[#This Row],[TIPO]]="BASE - POSTO FLU",OFFSET(INDIRECT("'"&Tabela2[[#This Row],[MODELO]]&"'!A1"),MATCH("Sub-bacia modelada: "&Tabela2[[#This Row],[SUBBACIA]],INDIRECT("'"&Tabela2[[#This Row],[MODELO]]&"'!A1:A5000"),0)+8,0),"")} | O40: {=IF(Tabela2[[#This Row],[TIPO]]="NÃO BASE","",INDEX(INDIRECT("'"&Tabela2[[#This Row],[MODELO]]&"'!$A$1:$A$5000"),MATCH("Precipitação verificada:",OFFSET(INDIRECT("'"&Tabela2[[#This Row],[MODELO]]&"'!$A$1"),MATCH("Sub-bacia modelada: "&Tabela2[[#This Row],[SUBBACIA MODELADA]],INDIRECT("'"&Tabela2[[#This Row],[MODELO]]&"'!$A$1:$A$5000"),0),0,25,1),0)+MATCH("Sub-bacia modelada: "&Tabela2[[#This Row],[SUBBACIA MODELADA]],INDIRECT("'"&Tabela2[[#This Row],[MODELO]]&"'!$A$1:$A$5000"),0)+3))}
A41: 1 | B41: SMAP PARANAZÃO | C41: SMP_PRNzao | D41: Paranapanema | E41: {=IF(K41=0,F41,TRIM(OFFSET(INDIRECT("'"&B41&"'!A1"),I41+L41,1)))} -> Mauá | F41: {=TRIM(SUBSTITUTE(INDEX(INDIRECT("'"&B41&"'!A1:A1000"),H41),"Sub-bacia modelada:",""))} -> Mauá | G41: =IF(K41=0,"BASE - POSTO FLU",IF(OR(E41=F41,K41=1),"BASE - RESERVATÓRIO","NÃO BASE")) -> BASE - RESERVATÓRIO | H41: {=SMALL(ROW(INDIRECT("'"&B41&"'!A1:A1000"))*IF(ISNUMBER(FIND("Sub-bacia modelada:",INDIRECT("'"&B41&"'!A1:A1000"))),1,9999),RESUMO!A41)} -> 2 | I41: =MATCH("Código",INDIRECT("'"&B41&"'!A"&H41&":A"&H41+20),0)+H41-1 -> 5 | J41: =MATCH("Código",INDIRECT("'"&B41&"'!A"&I41+1&":A"&H41+20),0)+I41 -> 9 | K41: =COUNT(INDIRECT("'"&B41&"'!A"&I41&":A"&J41)) -> 1 | L41: =COUNTIF($F$1:F41,F41) -> 1 | M41: {=IF(Tabela2[[#This Row],[TIPO]]<>"BASE - POSTO FLU",_xlfn.XLOOKUP(Tabela2[[#This Row],[SUBBACIA]],INDIRECT("'"&Tabela2[[#This Row],[MODELO]]&"'!B1:B5000"),INDIRECT("'"&Tabela2[[#This Row],[MODELO]]&"'!A1:A5000")),"")} -> 57 | N41: {=IF(Tabela2[[#This Row],[TIPO]]="BASE - POSTO FLU",OFFSET(INDIRECT("'"&Tabela2[[#This Row],[MODELO]]&"'!A1"),MATCH("Sub-bacia modelada: "&Tabela2[[#This Row],[SUBBACIA]],INDIRECT("'"&Tabela2[[#This Row],[MODELO]]&"'!A1:A5000"),0)+8,0),"")} | O41: {=IF(Tabela2[[#This Row],[TIPO]]="NÃO BASE","",INDEX(INDIRECT("'"&Tabela2[[#This Row],[MODELO]]&"'!$A$1:$A$5000"),MATCH("Precipitação verificada:",OFFSET(INDIRECT("'"&Tabela2[[#This Row],[MODELO]]&"'!$A$1"),MATCH("Sub-bacia modelada: "&Tabela2[[#This Row],[SUBBACIA MODELADA]],INDIRECT("'"&Tabela2[[#This Row],[MODELO]]&"'!$A$1:$A$5000"),0),0,25,1),0)+MATCH("Sub-bacia modelada: "&Tabela2[[#This Row],[SUBBACIA MODELADA]],INDIRECT("'"&Tabela2[[#This Row],[MODELO]]&"'!$A$1:$A$5000"),0)+3))} -> PSATMAU
A42: =IF(AND(K41>1,L41<>K41),A41,A41+1) -> 2 | B42: SMAP PARANAZÃO | C42: SMP_PRNzao | D42: Paranapanema | E42: {=IF(K42=0,F42,TRIM(OFFSET(INDIRECT("'"&B42&"'!A1"),I42+L42,1)))} -> Jurumirim | F42: {=TRIM(SUBSTITUTE(INDEX(INDIRECT("'"&B42&"'!A1:A1000"),H42),"Sub-bacia modelada:",""))} -> Jurumirim | G42: =IF(K42=0,"BASE - POSTO FLU",IF(OR(E42=F42,K42=1),"BASE - RESERVATÓRIO","NÃO BASE")) -> BASE - RESERVATÓRIO | H42: {=SMALL(ROW(INDIRECT("'"&B42&"'!A1:A1000"))*IF(ISNUMBER(FIND("Sub-bacia modelada:",INDIRECT("'"&B42&"'!A1:A1000"))),1,9999),RESUMO!A42)} -> 23 | I42: =MATCH("Código",INDIRECT("'"&B42&"'!A"&H42&":A"&H42+20),0)+H42-1 -> 26 | J42: =MATCH("Código",INDIRECT("'"&B42&"'!A"&I42+1&":A"&H42+20),0)+I42 -> 30 | K42: =COUNT(INDIRECT("'"&B42&"'!A"&I42&":A"&J42)) -> 1 | L42: =COUNTIF($F$1:F42,F42) -> 1 | M42: {=IF(Tabela2[[#This Row],[TIPO]]<>"BASE - POSTO FLU",_xlfn.XLOOKUP(Tabela2[[#This Row],[SUBBACIA]],INDIRECT("'"&Tabela2[[#This Row],[MODELO]]&"'!B1:B5000"),INDIRECT("'"&Tabela2[[#This Row],[MODELO]]&"'!A1:A5000")),"")} -> 47 | N42: {=IF(Tabela2[[#This Row],[TIPO]]="BASE - POSTO FLU",OFFSET(INDIRECT("'"&Tabela2[[#This Row],[MODELO]]&"'!A1"),MATCH("Sub-bacia modelada: "&Tabela2[[#This Row],[SUBBACIA]],INDIRECT("'"&Tabela2[[#This Row],[MODELO]]&"'!A1:A5000"),0)+8,0),"")} | O42: {=IF(Tabela2[[#This Row],[TIPO]]="NÃO BASE","",INDEX(INDIRECT("'"&Tabela2[[#This Row],[MODELO]]&"'!$A$1:$A$5000"),MATCH("Precipitação verificada:",OFFSET(INDIRECT("'"&Tabela2[[#This Row],[MODELO]]&"'!$A$1"),MATCH("Sub-bacia modelada: "&Tabela2[[#This Row],[SUBBACIA MODELADA]],INDIRECT("'"&Tabela2[[#This Row],[MODELO]]&"'!$A$1:$A$5000"),0),0,25,1),0)+MATCH("Sub-bacia modelada: "&Tabela2[[#This Row],[SUBBACIA MODELADA]],INDIRECT("'"&Tabela2[[#This Row],[MODELO]]&"'!$A$1:$A$5000"),0)+3))} -> PSATJUR
A43: =IF(AND(K42>1,L42<>K42),A42,A42+1) -> 3 | B43: SMAP PARANAZÃO | C43: SMP_PRNzao | D43: Paranapanema | E43: {=IF(K43=0,F43,TRIM(OFFSET(INDIRECT("'"&B43&"'!A1"),I43+L43,1)))} -> Piraju | F43: {=TRIM(SUBSTITUTE(INDEX(INDIRECT("'"&B43&"'!A1:A1000"),H43),"Sub-bacia modelada:",""))} -> Chavantes | G43: =IF(K43=0,"BASE - POSTO FLU",IF(OR(E43=F43,K43=1),"BASE - RESERVATÓRIO","NÃO BASE")) -> NÃO BASE | H43: {=SMALL(ROW(INDIRECT("'"&B43&"'!A1:A1000"))*IF(ISNUMBER(FIND("Sub-bacia modelada:",INDIRECT("'"&B43&"'!A1:A1000"))),1,9999),RESUMO!A43)} -> 44 | I43: =MATCH("Código",INDIRECT("'"&B43&"'!A"&H43&":A"&H43+20),0)+H43-1 -> 47 | J43: =MATCH("Código",INDIRECT("'"&B43&"'!A"&I43+1&":A"&H43+20),0)+I43 -> 53 | K43: =COUNT(INDIRECT("'"&B43&"'!A"&I43&":A"&J43)) -> 3 | L43: =COUNTIF($F$1:F43,F43) -> 1 | M43: {=IF(Tabela2[[#This Row],[TIPO]]<>"BASE - POSTO FLU",_xlfn.XLOOKUP(Tabela2[[#This Row],[SUBBACIA]],INDIRECT("'"&Tabela2[[#This Row],[MODELO]]&"'!B1:B5000"),INDIRECT("'"&Tabela2[[#This Row],[MODELO]]&"'!A1:A5000")),"")} -> 48 | N43: {=IF(Tabela2[[#This Row],[TIPO]]="BASE - POSTO FLU",OFFSET(INDIRECT("'"&Tabela2[[#This Row],[MODELO]]&"'!A1"),MATCH("Sub-bacia modelada: "&Tabela2[[#This Row],[SUBBACIA]],INDIRECT("'"&Tabela2[[#This Row],[MODELO]]&"'!A1:A5000"),0)+8,0),"")} | O43: {=IF(Tabela2[[#This Row],[TIPO]]="NÃO BASE","",INDEX(INDIRECT("'"&Tabela2[[#This Row],[MODELO]]&"'!$A$1:$A$5000"),MATCH("Precipitação verificada:",OFFSET(INDIRECT("'"&Tabela2[[#This Row],[MODELO]]&"'!$A$1"),MATCH("Sub-bacia modelada: "&Tabela2[[#This Row],[SUBBACIA MODELADA]],INDIRECT("'"&Tabela2[[#This Row],[MODELO]]&"'!$A$1:$A$5000"),0),0,25,1),0)+MATCH("Sub-bacia modelada: "&Tabela2[[#This Row],[SUBBACIA MODELADA]],INDIRECT("'"&Tabela2[[#This Row],[MODELO]]&"'!$A$1:$A$5000"),0)+3))}
A44: =IF(AND(K43>1,L43<>K43),A43,A43+1) -> 3 | B44: SMAP PARANAZÃO | C44: SMP_PRNzao | D44: Paranapanema | E44: {=IF(K44=0,F44,TRIM(OFFSET(INDIRECT("'"&B44&"'!A1"),I44+L44,1)))} -> Paranapanema | F44: {=TRIM(SUBSTITUTE(INDEX(INDIRECT("'"&B44&"'!A1:A1000"),H44),"Sub-bacia modelada:",""))} -> Chavantes | G44: =IF(K44=0,"BASE - POSTO FLU",IF(OR(E44=F44,K44=1),"BASE - RESERVATÓRIO","NÃO BASE")) -> NÃO BASE | H44: {=SMALL(ROW(INDIRECT("'"&B44&"'!A1:A1000"))*IF(ISNUMBER(FIND("Sub-bacia modelada:",INDIRECT("'"&B44&"'!A1:A1000"))),1,9999),RESUMO!A44)} -> 44 | I44: =MATCH("Código",INDIRECT("'"&B44&"'!A"&H44&":A"&H44+20),0)+H44-1 -> 47 | J44: =MATCH("Código",INDIRECT("'"&B44&"'!A"&I44+1&":A"&H44+20),0)+I44 -> 53 | K44: =COUNT(INDIRECT("'"&B44&"'!A"&I44&":A"&J44)) -> 3 | L44: =COUNTIF($F$1:F44,F44) -> 2 | M44: {=IF(Tabela2[[#This Row],[TIPO]]<>"BASE - POSTO FLU",_xlfn.XLOOKUP(Tabela2[[#This Row],[SUBBACIA]],INDIRECT("'"&Tabela2[[#This Row],[MODELO]]&"'!B1:B5000"),INDIRECT("'"&Tabela2[[#This Row],[MODELO]]&"'!A1:A5000")),"")} -> 53 | N44: {=IF(Tabela2[[#This Row],[TIPO]]="BASE - POSTO FLU",OFFSET(INDIRECT("'"&Tabela2[[#This Row],[MODELO]]&"'!A1"),MATCH("Sub-bacia modelada: "&Tabela2[[#This Row],[SUBBACIA]],INDIRECT("'"&Tabela2[[#This Row],[MODELO]]&"'!A1:A5000"),0)+8,0),"")} | O44: {=IF(Tabela2[[#This Row],[TIPO]]="NÃO BASE","",INDEX(INDIRECT("'"&Tabela2[[#This Row],[MODELO]]&"'!$A$1:$A$5000"),MATCH("Precipitação verificada:",OFFSET(INDIRECT("'"&Tabela2[[#This Row],[MODELO]]&"'!$A$1"),MATCH("Sub-bacia modelada: "&Tabela2[[#This Row],[SUBBACIA MODELADA]],INDIRECT("'"&Tabela2[[#This Row],[MODELO]]&"'!$A$1:$A$5000"),0),0,25,1),0)+MATCH("Sub-bacia modelada: "&Tabela2[[#This Row],[SUBBACIA MODELADA]],INDIRECT("'"&Tabela2[[#This Row],[MODELO]]&"'!$A$1:$A$5000"),0)+3))}
A45: =IF(AND(K44>1,L44<>K44),A44,A44+1) -> 3 | B45: SMAP PARANAZÃO | C45: SMP_PRNzao | D45: Paranapanema | E45: {=IF(K45=0,F45,TRIM(OFFSET(INDIRECT("'"&B45&"'!A1"),I45+L45,1)))} -> Chavantes | F45: {=TRIM(SUBSTITUTE(INDEX(INDIRECT("'"&B45&"'!A1:A1000"),H45),"Sub-bacia modelada:",""))} -> Chavantes | G45: =IF(K45=0,"BASE - POSTO FLU",IF(OR(E45=F45,K45=1),"BASE - RESERVATÓRIO","NÃO BASE")) -> BASE - RESERVATÓRIO | H45: {=SMALL(ROW(INDIRECT("'"&B45&"'!A1:A1000"))*IF(ISNUMBER(FIND("Sub-bacia modelada:",INDIRECT("'"&B45&"'!A1:A1000"))),1,9999),RESUMO!A45)} -> 44 | I45: =MATCH("Código",INDIRECT("'"&B45&"'!A"&H45&":A"&H45+20),0)+H45-1 -> 47 | J45: =MATCH("Código",INDIRECT("'"&B45&"'!A"&I45+1&":A"&H45+20),0)+I45 -> 53 | K45: =COUNT(INDIRECT("'"&B45&"'!A"&I45&":A"&J45)) -> 3 | L45: =COUNTIF($F$1:F45,F45) -> 3 | M45: {=IF(Tabela2[[#This Row],[TIPO]]<>"BASE - POSTO FLU",_xlfn.XLOOKUP(Tabela2[[#This Row],[SUBBACIA]],INDIRECT("'"&Tabela2[[#This Row],[MODELO]]&"'!B1:B5000"),INDIRECT("'"&Tabela2[[#This Row],[MODELO]]&"'!A1:A5000")),"")} -> 49 | N45: {=IF(Tabela2[[#This Row],[TIPO]]="BASE - POSTO FLU",OFFSET(INDIRECT("'"&Tabela2[[#This Row],[MODELO]]&"'!A1"),MATCH("Sub-bacia modelada: "&Tabela2[[#This Row],[SUBBACIA]],INDIRECT("'"&Tabela2[[#This Row],[MODELO]]&"'!A1:A5000"),0)+8,0),"")} | O45: {=IF(Tabela2[[#This Row],[TIPO]]="NÃO BASE","",INDEX(INDIRECT("'"&Tabela2[[#This Row],[MODELO]]&"'!$A$1:$A$5000"),MATCH("Precipitação verificada:",OFFSET(INDIRECT("'"&Tabela2[[#This Row],[MODELO]]&"'!$A$1"),MATCH("Sub-bacia modelada: "&Tabela2[[#This Row],[SUBBACIA MODELADA]],INDIRECT("'"&Tabela2[[#This Row],[MODELO]]&"'!$A$1:$A$5000"),0),0,25,1),0)+MATCH("Sub-bacia modelada: "&Tabela2[[#This Row],[SUBBACIA MODELADA]],INDIRECT("'"&Tabela2[[#This Row],[MODELO]]&"'!$A$1:$A$5000"),0)+3))} -> PSATCHT
A46: =IF(AND(K45>1,L45<>K45),A45,A45+1) -> 4 | B46: SMAP PARANAZÃO | C46: SMP_PRNzao | D46: Paranapanema | E46: {=IF(K46=0,F46,TRIM(OFFSET(INDIRECT("'"&B46&"'!A1"),I46+L46,1)))} -> Salto Grande CS | F46: {=TRIM(SUBSTITUTE(INDEX(INDIRECT("'"&B46&"'!A1:A1000"),H46),"Sub-bacia modelada:",""))} -> Canoas I | G46: =IF(K46=0,"BASE - POSTO FLU",IF(OR(E46=F46,K46=1),"BASE - RESERVATÓRIO","NÃO BASE")) -> NÃO BASE | H46: {=SMALL(ROW(INDIRECT("'"&B46&"'!A1:A1000"))*IF(ISNUMBER(FIND("Sub-bacia modelada:",INDIRECT("'"&B46&"'!A1:A1000"))),1,9999),RESUMO!A46)} -> 67 | I46: =MATCH("Código",INDIRECT("'"&B46&"'!A"&H46&":A"&H46+20),0)+H46-1 -> 70 | J46: =MATCH("Código",INDIRECT("'"&B46&"'!A"&I46+1&":A"&H46+20),0)+I46 -> 77 | K46: =COUNT(INDIRECT("'"&B46&"'!A"&I46&":A"&J46)) -> 4 | L46: =COUNTIF($F$1:F46,F46) -> 1 | M46: {=IF(Tabela2[[#This Row],[TIPO]]<>"BASE - POSTO FLU",_xlfn.XLOOKUP(Tabela2[[#This Row],[SUBBACIA]],INDIRECT("'"&Tabela2[[#This Row],[MODELO]]&"'!B1:B5000"),INDIRECT("'"&Tabela2[[#This Row],[MODELO]]&"'!A1:A5000")),"")} -> 50 | N46: {=IF(Tabela2[[#This Row],[TIPO]]="BASE - POSTO FLU",OFFSET(INDIRECT("'"&Tabela2[[#This Row],[MODELO]]&"'!A1"),MATCH("Sub-bacia modelada: "&Tabela2[[#This Row],[SUBBACIA]],INDIRECT("'"&Tabela2[[#This Row],[MODELO]]&"'!A1:A5000"),0)+8,0),"")} | O46: {=IF(Tabela2[[#This Row],[TIPO]]="NÃO BASE","",INDEX(INDIRECT("'"&Tabela2[[#This Row],[MODELO]]&"'!$A$1:$A$5000"),MATCH("Precipitação verificada:",OFFSET(INDIRECT("'"&Tabela2[[#This Row],[MODELO]]&"'!$A$1"),MATCH("Sub-bacia modelada: "&Tabela2[[#This Row],[SUBBACIA MODELADA]],INDIRECT("'"&Tabela2[[#This Row],[MODELO]]&"'!$A$1:$A$5000"),0),0,25,1),0)+MATCH("Sub-bacia modelada: "&Tabela2[[#This Row],[SUBBACIA MODELADA]],INDIRECT("'"&Tabela2[[#This Row],[MODELO]]&"'!$A$1:$A$5000"),0)+3))}
A47: =IF(AND(K46>1,L46<>K46),A46,A46+1) -> 4 | B47: SMAP PARANAZÃO | C47: SMP_PRNzao | D47: Paranapanema | E47: {=IF(K47=0,F47,TRIM(OFFSET(INDIRECT("'"&B47&"'!A1"),I47+L47,1)))} -> Canoas II | F47: {=TRIM(SUBSTITUTE(INDEX(INDIRECT("'"&B47&"'!A1:A1000"),H47),"Sub-bacia modelada:",""))} -> Canoas I | G47: =IF(K47=0,"BASE - POSTO FLU",IF(OR(E47=F47,K47=1),"BASE - RESERVATÓRIO","NÃO BASE")) -> NÃO BASE | H47: {=SMALL(ROW(INDIRECT("'"&B47&"'!A1:A1000"))*IF(ISNUMBER(FIND("Sub-bacia modelada:",INDIRECT("'"&B47&"'!A1:A1000"))),1,9999),RESUMO!A47)} -> 67 | I47: =MATCH("Código",INDIRECT("'"&B47&"'!A"&H47&":A"&H47+20),0)+H47-1 -> 70 | J47: =MATCH("Código",INDIRECT("'"&B47&"'!A"&I47+1&":A"&H47+20),0)+I47 -> 77 | K47: =COUNT(INDIRECT("'"&B47&"'!A"&I47&":A"&J47)) -> 4 | L47: =COUNTIF($F$1:F47,F47) -> 2 | M47: {=IF(Tabela2[[#This Row],[TIPO]]<>"BASE - POSTO FLU",_xlfn.XLOOKUP(Tabela2[[#This Row],[SUBBACIA]],INDIRECT("'"&Tabela2[[#This Row],[MODELO]]&"'!B1:B5000"),INDIRECT("'"&Tabela2[[#This Row],[MODELO]]&"'!A1:A5000")),"")} -> 51 | N47: {=IF(Tabela2[[#This Row],[TIPO]]="BASE - POSTO FLU",OFFSET(INDIRECT("'"&Tabela2[[#This Row],[MODELO]]&"'!A1"),MATCH("Sub-bacia modelada: "&Tabela2[[#This Row],[SUBBACIA]],INDIRECT("'"&Tabela2[[#This Row],[MODELO]]&"'!A1:A5000"),0)+8,0),"")} | O47: {=IF(Tabela2[[#This Row],[TIPO]]="NÃO BASE","",INDEX(INDIRECT("'"&Tabela2[[#This Row],[MODELO]]&"'!$A$1:$A$5000"),MATCH("Precipitação verificada:",OFFSET(INDIRECT("'"&Tabela2[[#This Row],[MODELO]]&"'!$A$1"),MATCH("Sub-bacia modelada: "&Tabela2[[#This Row],[SUBBACIA MODELADA]],INDIRECT("'"&Tabela2[[#This Row],[MODELO]]&"'!$A$1:$A$5000"),0),0,25,1),0)+MATCH("Sub-bacia modelada: "&Tabela2[[#This Row],[SUBBACIA MODELADA]],INDIRECT("'"&Tabela2[[#This Row],[MODELO]]&"'!$A$1:$A$5000"),0)+3))}
A48: =IF(AND(K47>1,L47<>K47),A47,A47+1) -> 4 | B48: SMAP PARANAZÃO | C48: SMP_PRNzao | D48: Paranapanema | E48: {=IF(K48=0,F48,TRIM(OFFSET(INDIRECT("'"&B48&"'!A1"),I48+L48,1)))} -> Canoas I | F48: {=TRIM(SUBSTITUTE(INDEX(INDIRECT("'"&B48&"'!A1:A1000"),H48),"Sub-bacia modelada:",""))} -> Canoas I | G48: =IF(K48=0,"BASE - POSTO FLU",IF(OR(E48=F48,K48=1),"BASE - RESERVATÓRIO","NÃO BASE")) -> BASE - RESERVATÓRIO | H48: {=SMALL(ROW(INDIRECT("'"&B48&"'!A1:A1000"))*IF(ISNUMBER(FIND("Sub-bacia modelada:",INDIRECT("'"&B48&"'!A1:A1000"))),1,9999),RESUMO!A48)} -> 67 | I48: =MATCH("Código",INDIRECT("'"&B48&"'!A"&H48&":A"&H48+20),0)+H48-1 -> 70 | J48: =MATCH("Código",INDIRECT("'"&B48&"'!A"&I48+1&":A"&H48+20),0)+I48 -> 77 | K48: =COUNT(INDIRECT("'"&B48&"'!A"&I48&":A"&J48)) -> 4 | L48: =COUNTIF($F$1:F48,F48) -> 3 | M48: {=IF(Tabela2[[#This Row],[TIPO]]<>"BASE - POSTO FLU",_xlfn.XLOOKUP(Tabela2[[#This Row],[SUBBACIA]],INDIRECT("'"&Tabela2[[#This Row],[MODELO]]&"'!B1:B5000"),INDIRECT("'"&Tabela2[[#This Row],[MODELO]]&"'!A1:A5000")),"")} -> 52 | N48: {=IF(Tabela2[[#This Row],[TIPO]]="BASE - POSTO FLU",OFFSET(INDIRECT("'"&Tabela2[[#This Row],[MODELO]]&"'!A1"),MATCH("Sub-bacia modelada: "&Tabela2[[#This Row],[SUBBACIA]],INDIRECT("'"&Tabela2[[#This Row],[MODELO]]&"'!A1:A5000"),0)+8,0),"")} | O48: {=IF(Tabela2[[#This Row],[TIPO]]="NÃO BASE","",INDEX(INDIRECT("'"&Tabela2[[#This Row],[MODELO]]&"'!$A$1:$A$5000"),MATCH("Precipitação verificada:",OFFSET(INDIRECT("'"&Tabela2[[#This Row],[MODELO]]&"'!$A$1"),MATCH("Sub-bacia modelada: "&Tabela2[[#This Row],[SUBBACIA MODELADA]],INDIRECT("'"&Tabela2[[#This Row],[MODELO]]&"'!$A$1:$A$5000"),0),0,25,1),0)+MATCH("Sub-bacia modelada: "&Tabela2[[#This Row],[SUBBACIA MODELADA]],INDIRECT("'"&Tabela2[[#This Row],[MODELO]]&"'!$A$1:$A$5000"),0)+3))} -> PSATCNI
A49: =IF(AND(K48>1,L48<>K48),A48,A48+1) -> 4 | B49: SMAP PARANAZÃO | C49: SMP_PRNzao | D49: Paranapanema | E49: {=IF(K49=0,F49,TRIM(OFFSET(INDIRECT("'"&B49&"'!A1"),I49+L49,1)))} -> Ourinhos | F49: {=TRIM(SUBSTITUTE(INDEX(INDIRECT("'"&B49&"'!A1:A1000"),H49),"Sub-bacia modelada:",""))} -> Canoas I | G49: =IF(K49=0,"BASE - POSTO FLU",IF(OR(E49=F49,K49=1),"BASE - RESERVATÓRIO","NÃO BASE")) -> NÃO BASE | H49: {=SMALL(ROW(INDIRECT("'"&B49&"'!A1:A1000"))*IF(ISNUMBER(FIND("Sub-bacia modelada:",INDIRECT("'"&B49&"'!A1:A1000"))),1,9999),RESUMO!A49)} -> 67 | I49: =MATCH("Código",INDIRECT("'"&B49&"'!A"&H49&":A"&H49+20),0)+H49-1 -> 70 | J49: =MATCH("Código",INDIRECT("'"&B49&"'!A"&I49+1&":A"&H49+20),0)+I49 -> 77 | K49: =COUNT(INDIRECT("'"&B49&"'!A"&I49&":A"&J49)) -> 4 | L49: =COUNTIF($F$1:F49,F49) -> 4 | M49: {=IF(Tabela2[[#This Row],[TIPO]]<>"BASE - POSTO FLU",_xlfn.XLOOKUP(Tabela2[[#This Row],[SUBBACIA]],INDIRECT("'"&Tabela2[[#This Row],[MODELO]]&"'!B1:B5000"),INDIRECT("'"&Tabela2[[#This Row],[MODELO]]&"'!A1:A5000")),"")} -> 249 | N49: {=IF(Tabela2[[#This Row],[TIPO]]="BASE - POSTO FLU",OFFSET(INDIRECT("'"&Tabela2[[#This Row],[MODELO]]&"'!A1"),MATCH("Sub-bacia modelada: "&Tabela2[[#This Row],[SUBBACIA]],INDIRECT("'"&Tabela2[[#This Row],[MODELO]]&"'!A1:A5000"),0)+8,0),"")} | O49: {=IF(Tabela2[[#This Row],[TIPO]]="NÃO BASE","",INDEX(INDIRECT("'"&Tabela2[[#This Row],[MODELO]]&"'!$A$1:$A$5000"),MATCH("Precipitação verificada:",OFFSET(INDIRECT("'"&Tabela2[[#This Row],[MODELO]]&"'!$A$1"),MATCH("Sub-bacia modelada: "&Tabela2[[#This Row],[SUBBACIA MODELADA]],INDIRECT("'"&Tabela2[[#This Row],[MODELO]]&"'!$A$1:$A$5000"),0),0,25,1),0)+MATCH("Sub-bacia modelada: "&Tabela2[[#This Row],[SUBBACIA MODELADA]],INDIRECT("'"&Tabela2[[#This Row],[MODELO]]&"'!$A$1:$A$5000"),0)+3))}
A50: =IF(AND(K49>1,L49<>K49),A49,A49+1) -> 5 | B50: SMAP PARANAZÃO | C50: SMP_PRNzao | D50: Paranapanema | E50: {=IF(K50=0,F50,TRIM(OFFSET(INDIRECT("'"&B50&"'!A1"),I50+L50,1)))} -> Capivara | F50: {=TRIM(SUBSTITUTE(INDEX(INDIRECT("'"&B50&"'!A1:A1000"),H50),"Sub-bacia modelada:",""))} -> Capivara | G50: =IF(K50=0,"BASE - POSTO FLU",IF(OR(E50=F50,K50=1),"BASE - RESERVATÓRIO","NÃO BASE")) -> BASE - RESERVATÓRIO | H50: {=SMALL(ROW(INDIRECT("'"&B50&"'!A1:A1000"))*IF(ISNUMBER(FIND("Sub-bacia modelada:",INDIRECT("'"&B50&"'!A1:A1000"))),1,9999),RESUMO!A50)} -> 91 | I50: =MATCH("Código",INDIRECT("'"&B50&"'!A"&H50&":A"&H50+20),0)+H50-1 -> 94 | J50: =MATCH("Código",INDIRECT("'"&B50&"'!A"&I50+1&":A"&H50+20),0)+I50 -> 98 | K50: =COUNT(INDIRECT("'"&B50&"'!A"&I50&":A"&J50)) -> 1 | L50: =COUNTIF($F$1:F50,F50) -> 1 | M50: {=IF(Tabela2[[#This Row],[TIPO]]<>"BASE - POSTO FLU",_xlfn.XLOOKUP(Tabela2[[#This Row],[SUBBACIA]],INDIRECT("'"&Tabela2[[#This Row],[MODELO]]&"'!B1:B5000"),INDIRECT("'"&Tabela2[[#This Row],[MODELO]]&"'!A1:A5000")),"")} -> 61 | N50: {=IF(Tabela2[[#This Row],[TIPO]]="BASE - POSTO FLU",OFFSET(INDIRECT("'"&Tabela2[[#This Row],[MODELO]]&"'!A1"),MATCH("Sub-bacia modelada: "&Tabela2[[#This Row],[SUBBACIA]],INDIRECT("'"&Tabela2[[#This Row],[MODELO]]&"'!A1:A5000"),0)+8,0),"")} | O50: {=IF(Tabela2[[#This Row],[TIPO]]="NÃO BASE","",INDEX(INDIRECT("'"&Tabela2[[#This Row],[MODELO]]&"'!$A$1:$A$5000"),MATCH("Precipitação verificada:",OFFSET(INDIRECT("'"&Tabela2[[#This Row],[MODELO]]&"'!$A$1"),MATCH("Sub-bacia modelada: "&Tabela2[[#This Row],[SUBBACIA MODELADA]],INDIRECT("'"&Tabela2[[#This Row],[MODELO]]&"'!$A$1:$A$5000"),0),0,25,1),0)+MATCH("Sub-bacia modelada: "&Tabela2[[#This Row],[SUBBACIA MODELADA]],INDIRECT("'"&Tabela2[[#This Row],[MODELO]]&"'!$A$1:$A$5000"),0)+3))} -> PSATCPV
A51: =IF(AND(K50>1,L50<>K50),A50,A50+1) -> 6 | B51: SMAP PARANAZÃO | C51: SMP_PRNzao | D51: Paranapanema | E51: {=IF(K51=0,F51,TRIM(OFFSET(INDIRECT("'"&B51&"'!A1"),I51+L51,1)))} -> Taquaruçu | F51: {=TRIM(SUBSTITUTE(INDEX(INDIRECT("'"&B51&"'!A1:A1000"),H51),"Sub-bacia modelada:",""))} -> Rosana | G51: =IF(K51=0,"BASE - POSTO FLU",IF(OR(E51=F51,K51=1),"BASE - RESERVATÓRIO","NÃO BASE")) -> NÃO BASE | H51: {=SMALL(ROW(INDIRECT("'"&B51&"'!A1:A1000"))*IF(ISNUMBER(FIND("Sub-bacia modelada:",INDIRECT("'"&B51&"'!A1:A1000"))),1,9999),RESUMO!A51)} -> 112 | I51: =MATCH("Código",INDIRECT("'"&B51&"'!A"&H51&":A"&H51+20),0)+H51-1 -> 115 | J51: =MATCH("Código",INDIRECT("'"&B51&"'!A"&I51+1&":A"&H51+20),0)+I51 -> 120 | K51: =COUNT(INDIRECT("'"&B51&"'!A"&I51&":A"&J51)) -> 2 | L51: =COUNTIF($F$1:F51,F51) -> 1 | M51: {=IF(Tabela2[[#This Row],[TIPO]]<>"BASE - POSTO FLU",_xlfn.XLOOKUP(Tabela2[[#This Row],[SUBBACIA]],INDIRECT("'"&Tabela2[[#This Row],[MODELO]]&"'!B1:B5000"),INDIRECT("'"&Tabela2[[#This Row],[MODELO]]&"'!A1:A5000")),"")} -> 62 | N51: {=IF(Tabela2[[#This Row],[TIPO]]="BASE - POSTO FLU",OFFSET(INDIRECT("'"&Tabela2[[#This Row],[MODELO]]&"'!A1"),MATCH("Sub-bacia modelada: "&Tabela2[[#This Row],[SUBBACIA]],INDIRECT("'"&Tabela2[[#This Row],[MODELO]]&"'!A1:A5000"),0)+8,0),"")} | O51: {=IF(Tabela2[[#This Row],[TIPO]]="NÃO BASE","",INDEX(INDIRECT("'"&Tabela2[[#This Row],[MODELO]]&"'!$A$1:$A$5000"),MATCH("Precipitação verificada:",OFFSET(INDIRECT("'"&Tabela2[[#This Row],[MODELO]]&"'!$A$1"),MATCH("Sub-bacia modelada: "&Tabela2[[#This Row],[SUBBACIA MODELADA]],INDIRECT("'"&Tabela2[[#This Row],[MODELO]]&"'!$A$1:$A$5000"),0),0,25,1),0)+MATCH("Sub-bacia modelada: "&Tabela2[[#This Row],[SUBBACIA MODELADA]],INDIRECT("'"&Tabela2[[#This Row],[MODELO]]&"'!$A$1:$A$5000"),0)+3))}
A52: =IF(AND(K51>1,L51<>K51),A51,A51+1) -> 6 | B52: SMAP PARANAZÃO | C52: SMP_PRNzao | D52: Paraná | E52: {=IF(K52=0,F52,TRIM(OFFSET(INDIRECT("'"&B52&"'!A1"),I52+L52,1)))} -> Rosana | F52: {=TRIM(SUBSTITUTE(INDEX(INDIRECT("'"&B52&"'!A1:A1000"),H52),"Sub-bacia modelada:",""))} -> Rosana | G52: =IF(K52=0,"BASE - POSTO FLU",IF(OR(E52=F52,K52=1),"BASE - RESERVATÓRIO","NÃO BASE")) -> BASE - RESERVATÓRIO | H52: {=SMALL(ROW(INDIRECT("'"&B52&"'!A1:A1000"))*IF(ISNUMBER(FIND("Sub-bacia modelada:",INDIRECT("'"&B52&"'!A1:A1000"))),1,9999),RESUMO!A52)} -> 112 | I52: =MATCH("Código",INDIRECT("'"&B52&"'!A"&H52&":A"&H52+20),0)+H52-1 -> 115 | J52: =MATCH("Código",INDIRECT("'"&B52&"'!A"&I52+1&":A"&H52+20),0)+I52 -> 120 | K52: =COUNT(INDIRECT("'"&B52&"'!A"&I52&":A"&J52)) -> 2 | L52: =COUNTIF($F$1:F52,F52) -> 2 | M52: {=IF(Tabela2[[#This Row],[TIPO]]<>"BASE - POSTO FLU",_xlfn.XLOOKUP(Tabela2[[#This Row],[SUBBACIA]],INDIRECT("'"&Tabela2[[#This Row],[MODELO]]&"'!B1:B5000"),INDIRECT("'"&Tabela2[[#This Row],[MODELO]]&"'!A1:A5000")),"")} -> 63 | N52: {=IF(Tabela2[[#This Row],[TIPO]]="BASE - POSTO FLU",OFFSET(INDIRECT("'"&Tabela2[[#This Row],[MODELO]]&"'!A1"),MATCH("Sub-bacia modelada: "&Tabela2[[#This Row],[SUBBACIA]],INDIRECT("'"&Tabela2[[#This Row],[MODELO]]&"'!A1:A5000"),0)+8,0),"")} | O52: {=IF(Tabela2[[#This Row],[TIPO]]="NÃO BASE","",INDEX(INDIRECT("'"&Tabela2[[#This Row],[MODELO]]&"'!$A$1:$A$5000"),MATCH("Precipitação verificada:",OFFSET(INDIRECT("'"&Tabela2[[#This Row],[MODELO]]&"'!$A$1"),MATCH("Sub-bacia modelada: "&Tabela2[[#This Row],[SUBBACIA MODELADA]],INDIRECT("'"&Tabela2[[#This Row],[MODELO]]&"'!$A$1:$A$5000"),0),0,25,1),0)+MATCH("Sub-bacia modelada: "&Tabela2[[#This Row],[SUBBACIA MODELADA]],INDIRECT("'"&Tabela2[[#This Row],[MODELO]]&"'!$A$1:$A$5000"),0)+3))} -> PSATROS
A53: =IF(AND(K52>1,L52<>K52),A52,A52+1) -> 7 | B53: SMAP PARANAZÃO | C53: SMP_PRNzao | D53: Paraná | E53: {=IF(K53=0,F53,TRIM(OFFSET(INDIRECT("'"&B53&"'!A1"),I53+L53,1)))} -> I. Solteira | F53: {=TRIM(SUBSTITUTE(INDEX(INDIRECT("'"&B53&"'!A1:A1000"),H53),"Sub-bacia modelada:",""))} -> Ilha Solteira Equivalente | G53: BASE - RESERVATÓRIO | H53: {=SMALL(ROW(INDIRECT("'"&B53&"'!A1:A1000"))*IF(ISNUMBER(FIND("Sub-bacia modelada:",INDIRECT("'"&B53&"'!A1:A1000"))),1,9999),RESUMO!A53)} -> 134 | I53: =MATCH("Código",INDIRECT("'"&B53&"'!A"&H53&":A"&H53+20),0)+H53-1 -> 137 | J53: =MATCH("Código",INDIRECT("'"&B53&"'!A"&I53+1&":A"&H53+20),0)+I53 -> 143 | K53: =COUNT(INDIRECT("'"&B53&"'!A"&I53&":A"&J53)) -> 3 | L53: =COUNTIF($F$1:F53,F53) -> 1 | M53: {=IF(Tabela2[[#This Row],[TIPO]]<>"BASE - POSTO FLU",_xlfn.XLOOKUP(Tabela2[[#This Row],[SUBBACIA]],INDIRECT("'"&Tabela2[[#This Row],[MODELO]]&"'!B1:B5000"),INDIRECT("'"&Tabela2[[#This Row],[MODELO]]&"'!A1:A5000")),"")} -> 34 | N53: {=IF(Tabela2[[#This Row],[TIPO]]="BASE - POSTO FLU",OFFSET(INDIRECT("'"&Tabela2[[#This Row],[MODELO]]&"'!A1"),MATCH("Sub-bacia modelada: "&Tabela2[[#This Row],[SUBBACIA]],INDIRECT("'"&Tabela2[[#This Row],[MODELO]]&"'!A1:A5000"),0)+8,0),"")} | O53: {=IF(Tabela2[[#This Row],[TIPO]]="NÃO BASE","",INDEX(INDIRECT("'"&Tabela2[[#This Row],[MODELO]]&"'!$A$1:$A$5000"),MATCH("Precipitação verificada:",OFFSET(INDIRECT("'"&Tabela2[[#This Row],[MODELO]]&"'!$A$1"),MATCH("Sub-bacia modelada: "&Tabela2[[#This Row],[SUBBACIA MODELADA]],INDIRECT("'"&Tabela2[[#This Row],[MODELO]]&"'!$A$1:$A$5000"),0),0,25,1),0)+MATCH("Sub-bacia modelada: "&Tabela2[[#This Row],[SUBBACIA MODELADA]],INDIRECT("'"&Tabela2[[#This Row],[MODELO]]&"'!$A$1:$A$5000"),0)+3))} -> PSATISOT
A54: =IF(AND(K53>1,L53<>K53),A53,A53+1) -> 7 | B54: SMAP PARANAZÃO | C54: SMP_PRNzao | D54: Paraná | E54: {=IF(K54=0,F54,TRIM(OFFSET(INDIRECT("'"&B54&"'!A1"),I54+L54,1)))} -> Ilha + T. Irmãos | F54: {=TRIM(SUBSTITUTE(INDEX(INDIRECT("'"&B54&"'!A1:A1000"),H54),"Sub-bacia modelada:",""))} -> Ilha Solteira Equivalente | G54: =IF(K54=0,"BASE - POSTO FLU",IF(OR(E54=F54,K54=1),"BASE - RESERVATÓRIO","NÃO BASE")) -> NÃO BASE | H54: {=SMALL(ROW(INDIRECT("'"&B54&"'!A1:A1000"))*IF(ISNUMBER(FIND("Sub-bacia modelada:",INDIRECT("'"&B54&"'!A1:A1000"))),1,9999),RESUMO!A54)} -> 134 | I54: =MATCH("Código",INDIRECT("'"&B54&"'!A"&H54&":A"&H54+20),0)+H54-1 -> 137 | J54: =MATCH("Código",INDIRECT("'"&B54&"'!A"&I54+1&":A"&H54+20),0)+I54 -> 143 | K54: =COUNT(INDIRECT("'"&B54&"'!A"&I54&":A"&J54)) -> 3 | L54: =COUNTIF($F$1:F54,F54) -> 2 | M54: {=IF(Tabela2[[#This Row],[TIPO]]<>"BASE - POSTO FLU",_xlfn.XLOOKUP(Tabela2[[#This Row],[SUBBACIA]],INDIRECT("'"&Tabela2[[#This Row],[MODELO]]&"'!B1:B5000"),INDIRECT("'"&Tabela2[[#This Row],[MODELO]]&"'!A1:A5000")),"")} -> 244 | N54: {=IF(Tabela2[[#This Row],[TIPO]]="BASE - POSTO FLU",OFFSET(INDIRECT("'"&Tabela2[[#This Row],[MODELO]]&"'!A1"),MATCH("Sub-bacia modelada: "&Tabela2[[#This Row],[SUBBACIA]],INDIRECT("'"&Tabela2[[#This Row],[MODELO]]&"'!A1:A5000"),0)+8,0),"")} | O54: {=IF(Tabela2[[#This Row],[TIPO]]="NÃO BASE","",INDEX(INDIRECT("'"&Tabela2[[#This Row],[MODELO]]&"'!$A$1:$A$5000"),MATCH("Precipitação verificada:",OFFSET(INDIRECT("'"&Tabela2[[#This Row],[MODELO]]&"'!$A$1"),MATCH("Sub-bacia modelada: "&Tabela2[[#This Row],[SUBBACIA MODELADA]],INDIRECT("'"&Tabela2[[#This Row],[MODELO]]&"'!$A$1:$A$5000"),0),0,25,1),0)+MATCH("Sub-bacia modelada: "&Tabela2[[#This Row],[SUBBACIA MODELADA]],INDIRECT("'"&Tabela2[[#This Row],[MODELO]]&"'!$A$1:$A$5000"),0)+3))}
A55: =IF(AND(K54>1,L54<>K54),A54,A54+1) -> 7 | B55: SMAP PARANAZÃO | C55: SMP_PRNzao | D55: Paraná | E55: {=IF(K55=0,F55,TRIM(OFFSET(INDIRECT("'"&B55&"'!A1"),I55+L55,1)))} -> Três Irmãos | F55: {=TRIM(SUBSTITUTE(INDEX(INDIRECT("'"&B55&"'!A1:A1000"),H55),"Sub-bacia modelada:",""))} -> Ilha Solteira Equivalente | G55: =IF(K55=0,"BASE - POSTO FLU",IF(OR(E55=F55,K55=1),"BASE - RESERVATÓRIO","NÃO BASE")) -> NÃO BASE | H55: {=SMALL(ROW(INDIRECT("'"&B55&"'!A1:A1000"))*IF(ISNUMBER(FIND("Sub-bacia modelada:",INDIRECT("'"&B55&"'!A1:A1000"))),1,9999),RESUMO!A55)} -> 134 | I55: =MATCH("Código",INDIRECT("'"&B55&"'!A"&H55&":A"&H55+20),0)+H55-1 -> 137 | J55: =MATCH("Código",INDIRECT("'"&B55&"'!A"&I55+1&":A"&H55+20),0)+I55 -> 143 | K55: =COUNT(INDIRECT("'"&B55&"'!A"&I55&":A"&J55)) -> 3 | L55: =COUNTIF($F$1:F55,F55) -> 3 | M55: {=IF(Tabela2[[#This Row],[TIPO]]<>"BASE - POSTO FLU",_xlfn.XLOOKUP(Tabela2[[#This Row],[SUBBACIA]],INDIRECT("'"&Tabela2[[#This Row],[MODELO]]&"'!B1:B5000"),INDIRECT("'"&Tabela2[[#This Row],[MODELO]]&"'!A1:A5000")),"")} -> 243 | N55: {=IF(Tabela2[[#This Row],[TIPO]]="BASE - POSTO FLU",OFFSET(INDIRECT("'"&Tabela2[[#This Row],[MODELO]]&"'!A1"),MATCH("Sub-bacia modelada: "&Tabela2[[#This Row],[SUBBACIA]],INDIRECT("'"&Tabela2[[#This Row],[MODELO]]&"'!A1:A5000"),0)+8,0),"")} | O55: {=IF(Tabela2[[#This Row],[TIPO]]="NÃO BASE","",INDEX(INDIRECT("'"&Tabela2[[#This Row],[MODELO]]&"'!$A$1:$A$5000"),MATCH("Precipitação verificada:",OFFSET(INDIRECT("'"&Tabela2[[#This Row],[MODELO]]&"'!$A$1"),MATCH("Sub-bacia modelada: "&Tabela2[[#This Row],[SUBBACIA MODELADA]],INDIRECT("'"&Tabela2[[#This Row],[MODELO]]&"'!$A$1:$A$5000"),0),0,25,1),0)+MATCH("Sub-bacia modelada: "&Tabela2[[#This Row],[SUBBACIA MODELADA]],INDIRECT("'"&Tabela2[[#This Row],[MODELO]]&"'!$A$1:$A$5000"),0)+3))}
A56: =IF(AND(K55>1,L55<>K55),A55,A55+1) -> 8 | B56: SMAP PARANAZÃO | C56: SMP_PRNzao | D56: Paraná | E56: {=IF(K56=0,F56,TRIM(OFFSET(INDIRECT("'"&B56&"'!A1"),I56+L56,1)))} -> Jupiá | F56: {=TRIM(SUBSTITUTE(INDEX(INDIRECT("'"&B56&"'!A1:A1000"),H56),"Sub-bacia modelada:",""))} -> Jupiá | G56: =IF(K56=0,"BASE - POSTO FLU",IF(OR(E56=F56,K56=1),"BASE - RESERVATÓRIO","NÃO BASE")) -> BASE - RESERVATÓRIO | H56: {=SMALL(ROW(INDIRECT("'"&B56&"'!A1:A1000"))*IF(ISNUMBER(FIND("Sub-bacia modelada:",INDIRECT("'"&B56&"'!A1:A1000"))),1,9999),RESUMO!A56)} -> 157 | I56: =MATCH("Código",INDIRECT("'"&B56&"'!A"&H56&":A"&H56+20),0)+H56-1 -> 160 | J56: =MATCH("Código",INDIRECT("'"&B56&"'!A"&I56+1&":A"&H56+20),0)+I56 -> 164 | K56: =COUNT(INDIRECT("'"&B56&"'!A"&I56&":A"&J56)) -> 1 | L56: =COUNTIF($F$1:F56,F56) -> 1 | M56: {=IF(Tabela2[[#This Row],[TIPO]]<>"BASE - POSTO FLU",_xlfn.XLOOKUP(Tabela2[[#This Row],[SUBBACIA]],INDIRECT("'"&Tabela2[[#This Row],[MODELO]]&"'!B1:B5000"),INDIRECT("'"&Tabela2[[#This Row],[MODELO]]&"'!A1:A5000")),"")} -> 245 | N56: {=IF(Tabela2[[#This Row],[TIPO]]="BASE - POSTO FLU",OFFSET(INDIRECT("'"&Tabela2[[#This Row],[MODELO]]&"'!A1"),MATCH("Sub-bacia modelada: "&Tabela2[[#This Row],[SUBBACIA]],INDIRECT("'"&Tabela2[[#This Row],[MODELO]]&"'!A1:A5000"),0)+8,0),"")} | O56: {=IF(Tabela2[[#This Row],[TIPO]]="NÃO BASE","",INDEX(INDIRECT("'"&Tabela2[[#This Row],[MODELO]]&"'!$A$1:$A$5000"),MATCH("Precipitação verificada:",OFFSET(INDIRECT("'"&Tabela2[[#This Row],[MODELO]]&"'!$A$1"),MATCH("Sub-bacia modelada: "&Tabela2[[#This Row],[SUBBACIA MODELADA]],INDIRECT("'"&Tabela2[[#This Row],[MODELO]]&"'!$A$1:$A$5000"),0),0,25,1),0)+MATCH("Sub-bacia modelada: "&Tabela2[[#This Row],[SUBBACIA MODELADA]],INDIRECT("'"&Tabela2[[#This Row],[MODELO]]&"'!$A$1:$A$5000"),0)+3))} -> PSATJUP
A57: =IF(AND(K56>1,L56<>K56),A56,A56+1) -> 9 | B57: SMAP PARANAZÃO | C57: SMP_PRNzao | D57: Paraná | E57: {=IF(K57=0,F57,TRIM(OFFSET(INDIRECT("'"&B57&"'!A1"),I57+L57,1)))} -> São Domingos | F57: {=TRIM(SUBSTITUTE(INDEX(INDIRECT("'"&B57&"'!A1:A1000"),H57),"Sub-bacia modelada:",""))} -> São Domingos | G57: =IF(K57=0,"BASE - POSTO FLU",IF(OR(E57=F57,K57=1),"BASE - RESERVATÓRIO","NÃO BASE")) -> BASE - RESERVATÓRIO | H57: {=SMALL(ROW(INDIRECT("'"&B57&"'!A1:A1000"))*IF(ISNUMBER(FIND("Sub-bacia modelada:",INDIRECT("'"&B57&"'!A1:A1000"))),1,9999),RESUMO!A57)} -> 178 | I57: =MATCH("Código",INDIRECT("'"&B57&"'!A"&H57&":A"&H57+20),0)+H57-1 -> 181 | J57: =MATCH("Código",INDIRECT("'"&B57&"'!A"&I57+1&":A"&H57+20),0)+I57 -> 185 | K57: =COUNT(INDIRECT("'"&B57&"'!A"&I57&":A"&J57)) -> 1 | L57: =COUNTIF($F$1:F57,F57) -> 1 | M57: {=IF(Tabela2[[#This Row],[TIPO]]<>"BASE - POSTO FLU",_xlfn.XLOOKUP(Tabela2[[#This Row],[SUBBACIA]],INDIRECT("'"&Tabela2[[#This Row],[MODELO]]&"'!B1:B5000"),INDIRECT("'"&Tabela2[[#This Row],[MODELO]]&"'!A1:A5000")),"")} -> 154 | N57: {=IF(Tabela2[[#This Row],[TIPO]]="BASE - POSTO FLU",OFFSET(INDIRECT("'"&Tabela2[[#This Row],[MODELO]]&"'!A1"),MATCH("Sub-bacia modelada: "&Tabela2[[#This Row],[SUBBACIA]],INDIRECT("'"&Tabela2[[#This Row],[MODELO]]&"'!A1:A5000"),0)+8,0),"")} | O57: {=IF(Tabela2[[#This Row],[TIPO]]="NÃO BASE","",INDEX(INDIRECT("'"&Tabela2[[#This Row],[MODELO]]&"'!$A$1:$A$5000"),MATCH("Precipitação verificada:",OFFSET(INDIRECT("'"&Tabela2[[#This Row],[MODELO]]&"'!$A$1"),MATCH("Sub-bacia modelada: "&Tabela2[[#This Row],[SUBBACIA MODELADA]],INDIRECT("'"&Tabela2[[#This Row],[MODELO]]&"'!$A$1:$A$5000"),0),0,25,1),0)+MATCH("Sub-bacia modelada: "&Tabela2[[#This Row],[SUBBACIA MODELADA]],INDIRECT("'"&Tabela2[[#This Row],[MODELO]]&"'!$A$1:$A$5000"),0)+3))} -> PSATSDG
A58: =IF(AND(K57>1,L57<>K57),A57,A57+1) -> 10 | B58: SMAP PARANAZÃO | C58: SMP_PRNzao | D58: Paraná | E58: {=IF(K58=0,F58,TRIM(OFFSET(INDIRECT("'"&B58&"'!A1"),I58+L58,1)))} -> Fazenda Buriti | F58: {=TRIM(SUBSTITUTE(INDEX(INDIRECT("'"&B58&"'!A1:A1000"),H58),"Sub-bacia modelada:",""))} -> Fazenda Buriti | G58: =IF(K58=0,"BASE - POSTO FLU",IF(OR(E58=F58,K58=1),"BASE - RESERVATÓRIO","NÃO BASE")) -> BASE - POSTO FLU | H58: {=SMALL(ROW(INDIRECT("'"&B58&"'!A1:A1000"))*IF(ISNUMBER(FIND("Sub-bacia modelada:",INDIRECT("'"&B58&"'!A1:A1000"))),1,9999),RESUMO!A58)} -> 199 | I58: =MATCH("Código",INDIRECT("'"&B58&"'!A"&H58&":A"&H58+20),0)+H58-1 -> 202 | J58: =MATCH("Código",INDIRECT("'"&B58&"'!A"&I58+1&":A"&H58+20),0)+I58 -> 206 | K58: =COUNT(INDIRECT("'"&B58&"'!A"&I58&":A"&J58)) -> 0 | L58: =COUNTIF($F$1:F58,F58) -> 1 | M58: {=IF(Tabela2[[#This Row],[TIPO]]<>"BASE - POSTO FLU",_xlfn.XLOOKUP(Tabela2[[#This Row],[SUBBACIA]],INDIRECT("'"&Tabela2[[#This Row],[MODELO]]&"'!B1:B5000"),INDIRECT("'"&Tabela2[[#This Row],[MODELO]]&"'!A1:A5000")),"")} | N58: {=IF(Tabela2[[#This Row],[TIPO]]="BASE - POSTO FLU",OFFSET(INDIRECT("'"&Tabela2[[#This Row],[MODELO]]&"'!A1"),MATCH("Sub-bacia modelada: "&Tabela2[[#This Row],[SUBBACIA]],INDIRECT("'"&Tabela2[[#This Row],[MODELO]]&"'!A1:A5000"),0)+8,0),"")} -> 63968000 | O58: {=IF(Tabela2[[#This Row],[TIPO]]="NÃO BASE","",INDEX(INDIRECT("'"&Tabela2[[#This Row],[MODELO]]&"'!$A$1:$A$5000"),MATCH("Precipitação verificada:",OFFSET(INDIRECT("'"&Tabela2[[#This Row],[MODELO]]&"'!$A$1"),MATCH("Sub-bacia modelada: "&Tabela2[[#This Row],[SUBBACIA MODELADA]],INDIRECT("'"&Tabela2[[#This Row],[MODELO]]&"'!$A$1:$A$5000"),0),0,25,1),0)+MATCH("Sub-bacia modelada: "&Tabela2[[#This Row],[SUBBACIA MODELADA]],INDIRECT("'"&Tabela2[[#This Row],[MODELO]]&"'!$A$1:$A$5000"),0)+3))} -> PSATFZBT
A59: =IF(AND(K58>1,L58<>K58),A58,A58+1) -> 11 | B59: SMAP PARANAZÃO | C59: SMP_PRNzao | D59: Paraná | E59: {=IF(K59=0,F59,TRIM(OFFSET(INDIRECT("'"&B59&"'!A1"),I59+L59,1)))} -> Porto Primavera | F59: {=TRIM(SUBSTITUTE(INDEX(INDIRECT("'"&B59&"'!A1:A1000"),H59),"Sub-bacia modelada:",""))} -> Porto Primavera | G59: =IF(K59=0,"BASE - POSTO FLU",IF(OR(E59=F59,K59=1),"BASE - RESERVATÓRIO","NÃO BASE")) -> BASE - RESERVATÓRIO | H59: {=SMALL(ROW(INDIRECT("'"&B59&"'!A1:A1000"))*IF(ISNUMBER(FIND("Sub-bacia modelada:",INDIRECT("'"&B59&"'!A1:A1000"))),1,9999),RESUMO!A59)} -> 220 | I59: =MATCH("Código",INDIRECT("'"&B59&"'!A"&H59&":A"&H59+20),0)+H59-1 -> 223 | J59: =MATCH("Código",INDIRECT("'"&B59&"'!A"&I59+1&":A"&H59+20),0)+I59 -> 227 | K59: =COUNT(INDIRECT("'"&B59&"'!A"&I59&":A"&J59)) -> 1 | L59: =COUNTIF($F$1:F59,F59) -> 1 | M59: {=IF(Tabela2[[#This Row],[TIPO]]<>"BASE - POSTO FLU",_xlfn.XLOOKUP(Tabela2[[#This Row],[SUBBACIA]],INDIRECT("'"&Tabela2[[#This Row],[MODELO]]&"'!B1:B5000"),INDIRECT("'"&Tabela2[[#This Row],[MODELO]]&"'!A1:A5000")),"")} -> 246 | N59: {=IF(Tabela2[[#This Row],[TIPO]]="BASE - POSTO FLU",OFFSET(INDIRECT("'"&Tabela2[[#This Row],[MODELO]]&"'!A1"),MATCH("Sub-bacia modelada: "&Tabela2[[#This Row],[SUBBACIA]],INDIRECT("'"&Tabela2[[#This Row],[MODELO]]&"'!A1:A5000"),0)+8,0),"")} | O59: {=IF(Tabela2[[#This Row],[TIPO]]="NÃO BASE","",INDEX(INDIRECT("'"&Tabela2[[#This Row],[MODELO]]&"'!$A$1:$A$5000"),MATCH("Precipitação verificada:",OFFSET(INDIRECT("'"&Tabela2[[#This Row],[MODELO]]&"'!$A$1"),MATCH("Sub-bacia modelada: "&Tabela2[[#This Row],[SUBBACIA MODELADA]],INDIRECT("'"&Tabela2[[#This Row],[MODELO]]&"'!$A$1:$A$5000"),0),0,25,1),0)+MATCH("Sub-bacia modelada: "&Tabela2[[#This Row],[SUBBACIA MODELADA]],INDIRECT("'"&Tabela2[[#This Row],[MODELO]]&"'!$A$1:$A$5000"),0)+3))} -> PSATPPRA
A60: =IF(AND(K59>1,L59<>K59),A59,A59+1) -> 12 | B60: SMAP PARANAZÃO | C60: SMP_PRNzao | D60: Paraná | E60: {=IF(K60=0,F60,TRIM(OFFSET(INDIRECT("'"&B60&"'!A1"),I60+L60,1)))} -> Balsa Santa Maria | F60: {=TRIM(SUBSTITUTE(INDEX(INDIRECT("'"&B60&"'!A1:A1000"),H60),"Sub-bacia modelada:",""))} -> Balsa Santa Maria | G60: =IF(K60=0,"BASE - POSTO FLU",IF(OR(E60=F60,K60=1),"BASE - RESERVATÓRIO","NÃO BASE")) -> BASE - POSTO FLU | H60: {=SMALL(ROW(INDIRECT("'"&B60&"'!A1:A1000"))*IF(ISNUMBER(FIND("Sub-bacia modelada:",INDIRECT("'"&B60&"'!A1:A1000"))),1,9999),RESUMO!A60)} -> 241 | I60: =MATCH("Código",INDIRECT("'"&B60&"'!A"&H60&":A"&H60+20),0)+H60-1 -> 244 | J60: =MATCH("Código",INDIRECT("'"&B60&"'!A"&I60+1&":A"&H60+20),0)+I60 -> 248 | K60: =COUNT(INDIRECT("'"&B60&"'!A"&I60&":A"&J60)) -> 0 | L60: =COUNTIF($F$1:F60,F60) -> 1 | M60: {=IF(Tabela2[[#This Row],[TIPO]]<>"BASE - POSTO FLU",_xlfn.XLOOKUP(Tabela2[[#This Row],[SUBBACIA]],INDIRECT("'"&Tabela2[[#This Row],[MODELO]]&"'!B1:B5000"),INDIRECT("'"&Tabela2[[#This Row],[MODELO]]&"'!A1:A5000")),"")} | N60: {=IF(Tabela2[[#This Row],[TIPO]]="BASE - POSTO FLU",OFFSET(INDIRECT("'"&Tabela2[[#This Row],[MODELO]]&"'!A1"),MATCH("Sub-bacia modelada: "&Tabela2[[#This Row],[SUBBACIA]],INDIRECT("'"&Tabela2[[#This Row],[MODELO]]&"'!A1:A5000"),0)+8,0),"")} -> 64831000 | O60: {=IF(Tabela2[[#This Row],[TIPO]]="NÃO BASE","",INDEX(INDIRECT("'"&Tabela2[[#This Row],[MODELO]]&"'!$A$1:$A$5000"),MATCH("Precipitação verificada:",OFFSET(INDIRECT("'"&Tabela2[[#This Row],[MODELO]]&"'!$A$1"),MATCH("Sub-bacia modelada: "&Tabela2[[#This Row],[SUBBACIA MODELADA]],INDIRECT("'"&Tabela2[[#This Row],[MODELO]]&"'!$A$1:$A$5000"),0),0,25,1),0)+MATCH("Sub-bacia modelada: "&Tabela2[[#This Row],[SUBBACIA MODELADA]],INDIRECT("'"&Tabela2[[#This Row],[MODELO]]&"'!$A$1:$A$5000"),0)+3))} -> PSATBSM
A61: =IF(AND(K60>1,L60<>K60),A60,A60+1) -> 13 | B61: SMAP PARANAZÃO | C61: SMP_PRNzao | D61: Paraná | E61: {=IF(K61=0,F61,TRIM(OFFSET(INDIRECT("'"&B61&"'!A1"),I61+L61,1)))} -> Florida Estrada | F61: {=TRIM(SUBSTITUTE(INDEX(INDIRECT("'"&B61&"'!A1:A1000"),H61),"Sub-bacia modelada:",""))} -> Florida Estrada | G61: =IF(K61=0,"BASE - POSTO FLU",IF(OR(E61=F61,K61=1),"BASE - RESERVATÓRIO","NÃO BASE")) -> BASE - POSTO FLU | H61: {=SMALL(ROW(INDIRECT("'"&B61&"'!A1:A1000"))*IF(ISNUMBER(FIND("Sub-bacia modelada:",INDIRECT("'"&B61&"'!A1:A1000"))),1,9999),RESUMO!A61)} -> 262 | I61: =MATCH("Código",INDIRECT("'"&B61&"'!A"&H61&":A"&H61+20),0)+H61-1 -> 265 | J61: =MATCH("Código",INDIRECT("'"&B61&"'!A"&I61+1&":A"&H61+20),0)+I61 -> 269 | K61: =COUNT(INDIRECT("'"&B61&"'!A"&I61&":A"&J61)) -> 0 | L61: =COUNTIF($F$1:F61,F61) -> 1 | M61: {=IF(Tabela2[[#This Row],[TIPO]]<>"BASE - POSTO FLU",_xlfn.XLOOKUP(Tabela2[[#This Row],[SUBBACIA]],INDIRECT("'"&Tabela2[[#This Row],[MODELO]]&"'!B1:B5000"),INDIRECT("'"&Tabela2[[#This Row],[MODELO]]&"'!A1:A5000")),"")} | N61: {=IF(Tabela2[[#This Row],[TIPO]]="BASE - POSTO FLU",OFFSET(INDIRECT("'"&Tabela2[[#This Row],[MODELO]]&"'!A1"),MATCH("Sub-bacia modelada: "&Tabela2[[#This Row],[SUBBACIA]],INDIRECT("'"&Tabela2[[#This Row],[MODELO]]&"'!A1:A5000"),0)+8,0),"")} -> 64999999 | O61: {=IF(Tabela2[[#This Row],[TIPO]]="NÃO BASE","",INDEX(INDIRECT("'"&Tabela2[[#This Row],[MODELO]]&"'!$A$1:$A$5000"),MATCH("Precipitação verificada:",OFFSET(INDIRECT("'"&Tabela2[[#This Row],[MODELO]]&"'!$A$1"),MATCH("Sub-bacia modelada: "&Tabela2[[#This Row],[SUBBACIA MODELADA]],INDIRECT("'"&Tabela2[[#This Row],[MODELO]]&"'!$A$1:$A$5000"),0),0,25,1),0)+MATCH("Sub-bacia modelada: "&Tabela2[[#This Row],[SUBBACIA MODELADA]],INDIRECT("'"&Tabela2[[#This Row],[MODELO]]&"'!$A$1:$A$5000"),0)+3))} -> PSATFLE
A62: =IF(AND(K61>1,L61<>K61),A61,A61+1) -> 14 | B62: SMAP PARANAZÃO | C62: SMP_PRNzao | D62: Paraná | E62: {=IF(K62=0,F62,TRIM(OFFSET(INDIRECT("'"&B62&"'!A1"),I62+L62,1)))} -> Itaipu | F62: {=TRIM(SUBSTITUTE(INDEX(INDIRECT("'"&B62&"'!A1:A1000"),H62),"Sub-bacia modelada:",""))} -> Itaipu | G62: =IF(K62=0,"BASE - POSTO FLU",IF(OR(E62=F62,K62=1),"BASE - RESERVATÓRIO","NÃO BASE")) -> BASE - RESERVATÓRIO | H62: {=SMALL(ROW(INDIRECT("'"&B62&"'!A1:A1000"))*IF(ISNUMBER(FIND("Sub-bacia modelada:",INDIRECT("'"&B62&"'!A1:A1000"))),1,9999),RESUMO!A62)} -> 283 | I62: =MATCH("Código",INDIRECT("'"&B62&"'!A"&H62&":A"&H62+20),0)+H62-1 -> 286 | J62: =MATCH("Código",INDIRECT("'"&B62&"'!A"&I62+1&":A"&H62+20),0)+I62 -> 290 | K62: =COUNT(INDIRECT("'"&B62&"'!A"&I62&":A"&J62)) -> 1 | L62: =COUNTIF($F$1:F62,F62) -> 1 | M62: {=IF(Tabela2[[#This Row],[TIPO]]<>"BASE - POSTO FLU",_xlfn.XLOOKUP(Tabela2[[#This Row],[SUBBACIA]],INDIRECT("'"&Tabela2[[#This Row],[MODELO]]&"'!B1:B5000"),INDIRECT("'"&Tabela2[[#This Row],[MODELO]]&"'!A1:A5000")),"")} -> 266 | N62: {=IF(Tabela2[[#This Row],[TIPO]]="BASE - POSTO FLU",OFFSET(INDIRECT("'"&Tabela2[[#This Row],[MODELO]]&"'!A1"),MATCH("Sub-bacia modelada: "&Tabela2[[#This Row],[SUBBACIA]],INDIRECT("'"&Tabela2[[#This Row],[MODELO]]&"'!A1:A5000"),0)+8,0),"")} | O62: {=IF(Tabela2[[#This Row],[TIPO]]="NÃO BASE","",INDEX(INDIRECT("'"&Tabela2[[#This Row],[MODELO]]&"'!$A$1:$A$5000"),MATCH("Precipitação verificada:",OFFSET(INDIRECT("'"&Tabela2[[#This Row],[MODELO]]&"'!$A$1"),MATCH("Sub-bacia modelada: "&Tabela2[[#This Row],[SUBBACIA MODELADA]],INDIRECT("'"&Tabela2[[#This Row],[MODELO]]&"'!$A$1:$A$5000"),0),0,25,1),0)+MATCH("Sub-bacia modelada: "&Tabela2[[#This Row],[SUBBACIA MODELADA]],INDIRECT("'"&Tabela2[[#This Row],[MODELO]]&"'!$A$1:$A$5000"),0)+3))} -> PSATITP
A63: =IF(AND(K62>1,L62<>K62),A62,A62+1) -> 15 | B63: SMAP PARANAZÃO | C63: SMP_PRNzao | D63: Paraná | E63: {=IF(K63=0,F63,TRIM(OFFSET(INDIRECT("'"&B63&"'!A1"),I63+L63,1)))} -> Ivinhema | F63: {=TRIM(SUBSTITUTE(INDEX(INDIRECT("'"&B63&"'!A1:A1000"),H63),"Sub-bacia modelada:",""))} -> Ivinhema | G63: =IF(K63=0,"BASE - POSTO FLU",IF(OR(E63=F63,K63=1),"BASE - RESERVATÓRIO","NÃO BASE")) -> BASE - POSTO FLU | H63: {=SMALL(ROW(INDIRECT("'"&B63&"'!A1:A1000"))*IF(ISNUMBER(FIND("Sub-bacia modelada:",INDIRECT("'"&B63&"'!A1:A1000"))),1,9999),RESUMO!A63)} -> 307 | I63: =MATCH("Código",INDIRECT("'"&B63&"'!A"&H63&":A"&H63+20),0)+H63-1 -> 310 | J63: =MATCH("Código",INDIRECT("'"&B63&"'!A"&I63+1&":A"&H63+20),0)+I63 -> 314 | K63: =COUNT(INDIRECT("'"&B63&"'!A"&I63&":A"&J63)) -> 0 | L63: =COUNTIF($F$1:F63,F63) -> 1 | M63: {=IF(Tabela2[[#This Row],[TIPO]]<>"BASE - POSTO FLU",_xlfn.XLOOKUP(Tabela2[[#This Row],[SUBBACIA]],INDIRECT("'"&Tabela2[[#This Row],[MODELO]]&"'!B1:B5000"),INDIRECT("'"&Tabela2[[#This Row],[MODELO]]&"'!A1:A5000")),"")} | N63: {=IF(Tabela2[[#This Row],[TIPO]]="BASE - POSTO FLU",OFFSET(INDIRECT("'"&Tabela2[[#This Row],[MODELO]]&"'!A1"),MATCH("Sub-bacia modelada: "&Tabela2[[#This Row],[SUBBACIA]],INDIRECT("'"&Tabela2[[#This Row],[MODELO]]&"'!A1:A5000"),0)+8,0),"")} -> 64617000 | O63: {=IF(Tabela2[[#This Row],[TIPO]]="NÃO BASE","",INDEX(INDIRECT("'"&Tabela2[[#This Row],[MODELO]]&"'!$A$1:$A$5000"),MATCH("Precipitação verificada:",OFFSET(INDIRECT("'"&Tabela2[[#This Row],[MODELO]]&"'!$A$1"),MATCH("Sub-bacia modelada: "&Tabela2[[#This Row],[SUBBACIA MODELADA]],INDIRECT("'"&Tabela2[[#This Row],[MODELO]]&"'!$A$1:$A$5000"),0),0,25,1),0)+MATCH("Sub-bacia modelada: "&Tabela2[[#This Row],[SUBBACIA MODELADA]],INDIRECT("'"&Tabela2[[#This Row],[MODELO]]&"'!$A$1:$A$5000"),0)+3))} -> PSATIVM
A64: =IF(AND(K63>1,L63<>K63),A63,A63+1) -> 16 | B64: SMAP PARANAZÃO | C64: SMP_PRNzao | D64: Tietê | E64: {=IF(K64=0,F64,TRIM(OFFSET(INDIRECT("'"&B64&"'!A1"),I64+L64,1)))} -> Porto Taquara | F64: {=TRIM(SUBSTITUTE(INDEX(INDIRECT("'"&B64&"'!A1:A1000"),H64),"Sub-bacia modelada:",""))} -> Porto Taquara | G64: =IF(K64=0,"BASE - POSTO FLU",IF(OR(E64=F64,K64=1),"BASE - RESERVATÓRIO","NÃO BASE")) -> BASE - POSTO FLU | H64: {=SMALL(ROW(INDIRECT("'"&B64&"'!A1:A1000"))*IF(ISNUMBER(FIND("Sub-bacia modelada:",INDIRECT("'"&B64&"'!A1:A1000"))),1,9999),RESUMO!A64)} -> 328 | I64: =MATCH("Código",INDIRECT("'"&B64&"'!A"&H64&":A"&H64+20),0)+H64-1 -> 331 | J64: =MATCH("Código",INDIRECT("'"&B64&"'!A"&I64+1&":A"&H64+20),0)+I64 -> 335 | K64: =COUNT(INDIRECT("'"&B64&"'!A"&I64&":A"&J64)) -> 0 | L64: =COUNTIF($F$1:F64,F64) -> 1 | M64: {=IF(Tabela2[[#This Row],[TIPO]]<>"BASE - POSTO FLU",_xlfn.XLOOKUP(Tabela2[[#This Row],[SUBBACIA]],INDIRECT("'"&Tabela2[[#This Row],[MODELO]]&"'!B1:B5000"),INDIRECT("'"&Tabela2[[#This Row],[MODELO]]&"'!A1:A5000")),"")} | N64: {=IF(Tabela2[[#This Row],[TIPO]]="BASE - POSTO FLU",OFFSET(INDIRECT("'"&Tabela2[[#This Row],[MODELO]]&"'!A1"),MATCH("Sub-bacia modelada: "&Tabela2[[#This Row],[SUBBACIA]],INDIRECT("'"&Tabela2[[#This Row],[MODELO]]&"'!A1:A5000"),0)+8,0),"")} -> 64693000 | O64: {=IF(Tabela2[[#This Row],[TIPO]]="NÃO BASE","",INDEX(INDIRECT("'"&Tabela2[[#This Row],[MODELO]]&"'!$A$1:$A$5000"),MATCH("Precipitação verificada:",OFFSET(INDIRECT("'"&Tabela2[[#This Row],[MODELO]]&"'!$A$1"),MATCH("Sub-bacia modelada: "&Tabela2[[#This Row],[SUBBACIA MODELADA]],INDIRECT("'"&Tabela2[[#This Row],[MODELO]]&"'!$A$1:$A$5000"),0),0,25,1),0)+MATCH("Sub-bacia modelada: "&Tabela2[[#This Row],[SUBBACIA MODELADA]],INDIRECT("'"&Tabela2[[#This Row],[MODELO]]&"'!$A$1:$A$5000"),0)+3))} -> PSATPTQ
A65: =IF(AND(K64>1,L64<>K64),A64,A64+1) -> 17 | B65: SMAP PARANAZÃO | C65: SMP_PRNzao | D65: Tietê | E65: {=IF(K65=0,F65,TRIM(OFFSET(INDIRECT("'"&B65&"'!A1"),I65+L65,1)))} -> Bill e Pedras | F65: {=TRIM(SUBSTITUTE(INDEX(INDIRECT("'"&B65&"'!A1:A1000"),H65),"Sub-bacia modelada:",""))} -> Edgard de Souza | G65: BASE - RESERVATÓRIO | H65: {=SMALL(ROW(INDIRECT("'"&B65&"'!A1:A1000"))*IF(ISNUMBER(FIND("Sub-bacia modelada:",INDIRECT("'"&B65&"'!A1:A1000"))),1,9999),RESUMO!A65)} -> 349 | I65: =MATCH("Código",INDIRECT("'"&B65&"'!A"&H65&":A"&H65+20),0)+H65-1 -> 352 | J65: =MATCH("Código",INDIRECT("'"&B65&"'!A"&I65+1&":A"&H65+20),0)+I65 -> 359 | K65: =COUNT(INDIRECT("'"&B65&"'!A"&I65&":A"&J65)) -> 4 | L65: =COUNTIF($F$1:F65,F65) -> 1 | M65: {=IF(Tabela2[[#This Row],[TIPO]]<>"BASE - POSTO FLU",_xlfn.XLOOKUP(Tabela2[[#This Row],[SUBBACIA]],INDIRECT("'"&Tabela2[[#This Row],[MODELO]]&"'!B1:B5000"),INDIRECT("'"&Tabela2[[#This Row],[MODELO]]&"'!A1:A5000")),"")} -> 119 | N65: {=IF(Tabela2[[#This Row],[TIPO]]="BASE - POSTO FLU",OFFSET(INDIRECT("'"&Tabela2[[#This Row],[MODELO]]&"'!A1"),MATCH("Sub-bacia modelada: "&Tabela2[[#This Row],[SUBBACIA]],INDIRECT("'"&Tabela2[[#This Row],[MODELO]]&"'!A1:A5000"),0)+8,0),"")} | O65: {=IF(Tabela2[[#This Row],[TIPO]]="NÃO BASE","",INDEX(INDIRECT("'"&Tabela2[[#This Row],[MODELO]]&"'!$A$1:$A$5000"),MATCH("Precipitação verificada:",OFFSET(INDIRECT("'"&Tabela2[[#This Row],[MODELO]]&"'!$A$1"),MATCH("Sub-bacia modelada: "&Tabela2[[#This Row],[SUBBACIA MODELADA]],INDIRECT("'"&Tabela2[[#This Row],[MODELO]]&"'!$A$1:$A$5000"),0),0,25,1),0)+MATCH("Sub-bacia modelada: "&Tabela2[[#This Row],[SUBBACIA MODELADA]],INDIRECT("'"&Tabela2[[#This Row],[MODELO]]&"'!$A$1:$A$5000"),0)+3))} -> PSATESZ
A66: =IF(AND(K65>1,L65<>K65),A65,A65+1) -> 17 | B66: SMAP PARANAZÃO | C66: SMP_PRNzao | D66: Tietê | E66: {=IF(K66=0,F66,TRIM(OFFSET(INDIRECT("'"&B66&"'!A1"),I66+L66,1)))} -> E. S. + Pinheiros | F66: {=TRIM(SUBSTITUTE(INDEX(INDIRECT("'"&B66&"'!A1:A1000"),H66),"Sub-bacia modelada:",""))} -> Edgard de Souza | G66: =IF(K66=0,"BASE - POSTO FLU",IF(OR(E66=F66,K66=1),"BASE - RESERVATÓRIO","NÃO BASE")) -> NÃO BASE | H66: {=SMALL(ROW(INDIRECT("'"&B66&"'!A1:A1000"))*IF(ISNUMBER(FIND("Sub-bacia modelada:",INDIRECT("'"&B66&"'!A1:A1000"))),1,9999),RESUMO!A66)} -> 349 | I66: =MATCH("Código",INDIRECT("'"&B66&"'!A"&H66&":A"&H66+20),0)+H66-1 -> 352 | J66: =MATCH("Código",INDIRECT("'"&B66&"'!A"&I66+1&":A"&H66+20),0)+I66 -> 359 | K66: =COUNT(INDIRECT("'"&B66&"'!A"&I66&":A"&J66)) -> 4 | L66: =COUNTIF($F$1:F66,F66) -> 2 | M66: {=IF(Tabela2[[#This Row],[TIPO]]<>"BASE - POSTO FLU",_xlfn.XLOOKUP(Tabela2[[#This Row],[SUBBACIA]],INDIRECT("'"&Tabela2[[#This Row],[MODELO]]&"'!B1:B5000"),INDIRECT("'"&Tabela2[[#This Row],[MODELO]]&"'!A1:A5000")),"")} -> 161 | N66: {=IF(Tabela2[[#This Row],[TIPO]]="BASE - POSTO FLU",OFFSET(INDIRECT("'"&Tabela2[[#This Row],[MODELO]]&"'!A1"),MATCH("Sub-bacia modelada: "&Tabela2[[#This Row],[SUBBACIA]],INDIRECT("'"&Tabela2[[#This Row],[MODELO]]&"'!A1:A5000"),0)+8,0),"")} | O66: {=IF(Tabela2[[#This Row],[TIPO]]="NÃO BASE","",INDEX(INDIRECT("'"&Tabela2[[#This Row],[MODELO]]&"'!$A$1:$A$5000"),MATCH("Precipitação verificada:",OFFSET(INDIRECT("'"&Tabela2[[#This Row],[MODELO]]&"'!$A$1"),MATCH("Sub-bacia modelada: "&Tabela2[[#This Row],[SUBBACIA MODELADA]],INDIRECT("'"&Tabela2[[#This Row],[MODELO]]&"'!$A$1:$A$5000"),0),0,25,1),0)+MATCH("Sub-bacia modelada: "&Tabela2[[#This Row],[SUBBACIA MODELADA]],INDIRECT("'"&Tabela2[[#This Row],[MODELO]]&"'!$A$1:$A$5000"),0)+3))}
A67: =IF(AND(K66>1,L66<>K66),A66,A66+1) -> 17 | B67: SMAP PARANAZÃO | C67: SMP_PRNzao | D67: Tietê | E67: {=IF(K67=0,F67,TRIM(OFFSET(INDIRECT("'"&B67&"'!A1"),I67+L67,1)))} -> Guarapiranga | F67: {=TRIM(SUBSTITUTE(INDEX(INDIRECT("'"&B67&"'!A1:A1000"),H67),"Sub-bacia modelada:",""))} -> Edgard de Souza | G67: =IF(K67=0,"BASE - POSTO FLU",IF(OR(E67=F67,K67=1),"BASE - RESERVATÓRIO","NÃO BASE")) -> NÃO BASE | H67: {=SMALL(ROW(INDIRECT("'"&B67&"'!A1:A1000"))*IF(ISNUMBER(FIND("Sub-bacia modelada:",INDIRECT("'"&B67&"'!A1:A1000"))),1,9999),RESUMO!A67)} -> 349 | I67: =MATCH("Código",INDIRECT("'"&B67&"'!A"&H67&":A"&H67+20),0)+H67-1 -> 352 | J67: =MATCH("Código",INDIRECT("'"&B67&"'!A"&I67+1&":A"&H67+20),0)+I67 -> 359 | K67: =COUNT(INDIRECT("'"&B67&"'!A"&I67&":A"&J67)) -> 4 | L67: =COUNTIF($F$1:F67,F67) -> 3 | M67: {=IF(Tabela2[[#This Row],[TIPO]]<>"BASE - POSTO FLU",_xlfn.XLOOKUP(Tabela2[[#This Row],[SUBBACIA]],INDIRECT("'"&Tabela2[[#This Row],[MODELO]]&"'!B1:B5000"),INDIRECT("'"&Tabela2[[#This Row],[MODELO]]&"'!A1:A5000")),"")} -> 117 | N67: {=IF(Tabela2[[#This Row],[TIPO]]="BASE - POSTO FLU",OFFSET(INDIRECT("'"&Tabela2[[#This Row],[MODELO]]&"'!A1"),MATCH("Sub-bacia modelada: "&Tabela2[[#This Row],[SUBBACIA]],INDIRECT("'"&Tabela2[[#This Row],[MODELO]]&"'!A1:A5000"),0)+8,0),"")} | O67: {=IF(Tabela2[[#This Row],[TIPO]]="NÃO BASE","",INDEX(INDIRECT("'"&Tabela2[[#This Row],[MODELO]]&"'!$A$1:$A$5000"),MATCH("Precipitação verificada:",OFFSET(INDIRECT("'"&Tabela2[[#This Row],[MODELO]]&"'!$A$1"),MATCH("Sub-bacia modelada: "&Tabela2[[#This Row],[SUBBACIA MODELADA]],INDIRECT("'"&Tabela2[[#This Row],[MODELO]]&"'!$A$1:$A$5000"),0),0,25,1),0)+MATCH("Sub-bacia modelada: "&Tabela2[[#This Row],[SUBBACIA MODELADA]],INDIRECT("'"&Tabela2[[#This Row],[MODELO]]&"'!$A$1:$A$5000"),0)+3))}
A68: =IF(AND(K67>1,L67<>K67),A67,A67+1) -> 17 | B68: SMAP PARANAZÃO | C68: SMP_PRNzao | D68: Tietê | E68: {=IF(K68=0,F68,TRIM(OFFSET(INDIRECT("'"&B68&"'!A1"),I68+L68,1)))} -> Ponte Nova | F68: {=TRIM(SUBSTITUTE(INDEX(INDIRECT("'"&B68&"'!A1:A1000"),H68),"Sub-bacia modelada:",""))} -> Edgard de Souza | G68: =IF(K68=0,"BASE - POSTO FLU",IF(OR(E68=F68,K68=1),"BASE - RESERVATÓRIO","NÃO BASE")) -> NÃO BASE | H68: {=SMALL(ROW(INDIRECT("'"&B68&"'!A1:A1000"))*IF(ISNUMBER(FIND("Sub-bacia modelada:",INDIRECT("'"&B68&"'!A1:A1000"))),1,9999),RESUMO!A68)} -> 349 | I68: =MATCH("Código",INDIRECT("'"&B68&"'!A"&H68&":A"&H68+20),0)+H68-1 -> 352 | J68: =MATCH("Código",INDIRECT("'"&B68&"'!A"&I68+1&":A"&H68+20),0)+I68 -> 359 | K68: =COUNT(INDIRECT("'"&B68&"'!A"&I68&":A"&J68)) -> 4 | L68: =COUNTIF($F$1:F68,F68) -> 4 | M68: {=IF(Tabela2[[#This Row],[TIPO]]<>"BASE - POSTO FLU",_xlfn.XLOOKUP(Tabela2[[#This Row],[SUBBACIA]],INDIRECT("'"&Tabela2[[#This Row],[MODELO]]&"'!B1:B5000"),INDIRECT("'"&Tabela2[[#This Row],[MODELO]]&"'!A1:A5000")),"")} -> 160 | N68: {=IF(Tabela2[[#This Row],[TIPO]]="BASE - POSTO FLU",OFFSET(INDIRECT("'"&Tabela2[[#This Row],[MODELO]]&"'!A1"),MATCH("Sub-bacia modelada: "&Tabela2[[#This Row],[SUBBACIA]],INDIRECT("'"&Tabela2[[#This Row],[MODELO]]&"'!A1:A5000"),0)+8,0),"")} | O68: {=IF(Tabela2[[#This Row],[TIPO]]="NÃO BASE","",INDEX(INDIRECT("'"&Tabela2[[#This Row],[MODELO]]&"'!$A$1:$A$5000"),MATCH("Precipitação verificada:",OFFSET(INDIRECT("'"&Tabela2[[#This Row],[MODELO]]&"'!$A$1"),MATCH("Sub-bacia modelada: "&Tabela2[[#This Row],[SUBBACIA MODELADA]],INDIRECT("'"&Tabela2[[#This Row],[MODELO]]&"'!$A$1:$A$5000"),0),0,25,1),0)+MATCH("Sub-bacia modelada: "&Tabela2[[#This Row],[SUBBACIA MODELADA]],INDIRECT("'"&Tabela2[[#This Row],[MODELO]]&"'!$A$1:$A$5000"),0)+3))}
A69: =IF(AND(K68>1,L68<>K68),A68,A68+1) -> 18 | B69: SMAP PARANAZÃO | C69: SMP_PRNzao | D69: Tietê | E69: {=IF(K69=0,F69,TRIM(OFFSET(INDIRECT("'"&B69&"'!A1"),I69+L69,1)))} -> B. Bonita | F69: {=TRIM(SUBSTITUTE(INDEX(INDIRECT("'"&B69&"'!A1:A1000"),H69),"Sub-bacia modelada:",""))} -> Barra Bonita | G69: =IF(K69=0,"BASE - POSTO FLU",IF(OR(E69=F69,K69=1),"BASE - RESERVATÓRIO","NÃO BASE")) -> BASE - RESERVATÓRIO | H69: {=SMALL(ROW(INDIRECT("'"&B69&"'!A1:A1000"))*IF(ISNUMBER(FIND("Sub-bacia modelada:",INDIRECT("'"&B69&"'!A1:A1000"))),1,9999),RESUMO!A69)} -> 373 | I69: =MATCH("Código",INDIRECT("'"&B69&"'!A"&H69&":A"&H69+20),0)+H69-1 -> 376 | J69: =MATCH("Código",INDIRECT("'"&B69&"'!A"&I69+1&":A"&H69+20),0)+I69 -> 380 | K69: =COUNT(INDIRECT("'"&B69&"'!A"&I69&":A"&J69)) -> 1 | L69: =COUNTIF($F$1:F69,F69) -> 1 | M69: {=IF(Tabela2[[#This Row],[TIPO]]<>"BASE - POSTO FLU",_xlfn.XLOOKUP(Tabela2[[#This Row],[SUBBACIA]],INDIRECT("'"&Tabela2[[#This Row],[MODELO]]&"'!B1:B5000"),INDIRECT("'"&Tabela2[[#This Row],[MODELO]]&"'!A1:A5000")),"")} -> 237 | N69: {=IF(Tabela2[[#This Row],[TIPO]]="BASE - POSTO FLU",OFFSET(INDIRECT("'"&Tabela2[[#This Row],[MODELO]]&"'!A1"),MATCH("Sub-bacia modelada: "&Tabela2[[#This Row],[SUBBACIA]],INDIRECT("'"&Tabela2[[#This Row],[MODELO]]&"'!A1:A5000"),0)+8,0),"")} | O69: {=IF(Tabela2[[#This Row],[TIPO]]="NÃO BASE","",INDEX(INDIRECT("'"&Tabela2[[#This Row],[MODELO]]&"'!$A$1:$A$5000"),MATCH("Precipitação verificada:",OFFSET(INDIRECT("'"&Tabela2[[#This Row],[MODELO]]&"'!$A$1"),MATCH("Sub-bacia modelada: "&Tabela2[[#This Row],[SUBBACIA MODELADA]],INDIRECT("'"&Tabela2[[#This Row],[MODELO]]&"'!$A$1:$A$5000"),0),0,25,1),0)+MATCH("Sub-bacia modelada: "&Tabela2[[#This Row],[SUBBACIA MODELADA]],INDIRECT("'"&Tabela2[[#This Row],[MODELO]]&"'!$A$1:$A$5000"),0)+3))} -> PSATBBO
A70: =IF(AND(K69>1,L69<>K69),A69,A69+1) -> 19 | B70: SMAP PARANAZÃO | C70: SMP_PRNzao | D70: Tietê | E70: {=IF(K70=0,F70,TRIM(OFFSET(INDIRECT("'"&B70&"'!A1"),I70+L70,1)))} -> Bariri | F70: {=TRIM(SUBSTITUTE(INDEX(INDIRECT("'"&B70&"'!A1:A1000"),H70),"Sub-bacia modelada:",""))} -> Ibitinga | G70: =IF(K70=0,"BASE - POSTO FLU",IF(OR(E70=F70,K70=1),"BASE - RESERVATÓRIO","NÃO BASE")) -> NÃO BASE | H70: {=SMALL(ROW(INDIRECT("'"&B70&"'!A1:A1000"))*IF(ISNUMBER(FIND("Sub-bacia modelada:",INDIRECT("'"&B70&"'!A1:A1000"))),1,9999),RESUMO!A70)} -> 394 | I70: =MATCH("Código",INDIRECT("'"&B70&"'!A"&H70&":A"&H70+20),0)+H70-1 -> 397 | J70: =MATCH("Código",INDIRECT("'"&B70&"'!A"&I70+1&":A"&H70+20),0)+I70 -> 402 | K70: =COUNT(INDIRECT("'"&B70&"'!A"&I70&":A"&J70)) -> 2 | L70: =COUNTIF($F$1:F70,F70) -> 1 | M70: {=IF(Tabela2[[#This Row],[TIPO]]<>"BASE - POSTO FLU",_xlfn.XLOOKUP(Tabela2[[#This Row],[SUBBACIA]],INDIRECT("'"&Tabela2[[#This Row],[MODELO]]&"'!B1:B5000"),INDIRECT("'"&Tabela2[[#This Row],[MODELO]]&"'!A1:A5000")),"")} -> 238 | N70: {=IF(Tabela2[[#This Row],[TIPO]]="BASE - POSTO FLU",OFFSET(INDIRECT("'"&Tabela2[[#This Row],[MODELO]]&"'!A1"),MATCH("Sub-bacia modelada: "&Tabela2[[#This Row],[SUBBACIA]],INDIRECT("'"&Tabela2[[#This Row],[MODELO]]&"'!A1:A5000"),0)+8,0),"")} | O70: {=IF(Tabela2[[#This Row],[TIPO]]="NÃO BASE","",INDEX(INDIRECT("'"&Tabela2[[#This Row],[MODELO]]&"'!$A$1:$A$5000"),MATCH("Precipitação verificada:",OFFSET(INDIRECT("'"&Tabela2[[#This Row],[MODELO]]&"'!$A$1"),MATCH("Sub-bacia modelada: "&Tabela2[[#This Row],[SUBBACIA MODELADA]],INDIRECT("'"&Tabela2[[#This Row],[MODELO]]&"'!$A$1:$A$5000"),0),0,25,1),0)+MATCH("Sub-bacia modelada: "&Tabela2[[#This Row],[SUBBACIA MODELADA]],INDIRECT("'"&Tabela2[[#This Row],[MODELO]]&"'!$A$1:$A$5000"),0)+3))}
A71: =IF(AND(K70>1,L70<>K70),A70,A70+1) -> 19 | B71: SMAP PARANAZÃO | C71: SMP_PRNzao | D71: Tietê | E71: {=IF(K71=0,F71,TRIM(OFFSET(INDIRECT("'"&B71&"'!A1"),I71+L71,1)))} -> Ibitinga | F71: {=TRIM(SUBSTITUTE(INDEX(INDIRECT("'"&B71&"'!A1:A1000"),H71),"Sub-bacia modelada:",""))} -> Ibitinga | G71: BASE - RESERVATÓRIO | H71: {=SMALL(ROW(INDIRECT("'"&B71&"'!A1:A1000"))*IF(ISNUMBER(FIND("Sub-bacia modelada:",INDIRECT("'"&B71&"'!A1:A1000"))),1,9999),RESUMO!A71)} -> 394 | I71: =MATCH("Código",INDIRECT("'"&B71&"'!A"&H71&":A"&H71+20),0)+H71-1 -> 397 | J71: =MATCH("Código",INDIRECT("'"&B71&"'!A"&I71+1&":A"&H71+20),0)+I71 -> 402 | K71: =COUNT(INDIRECT("'"&B71&"'!A"&I71&":A"&J71)) -> 2 | L71: =COUNTIF($F$1:F71,F71) -> 2 | M71: {=IF(Tabela2[[#This Row],[TIPO]]<>"BASE - POSTO FLU",_xlfn.XLOOKUP(Tabela2[[#This Row],[SUBBACIA]],INDIRECT("'"&Tabela2[[#This Row],[MODELO]]&"'!B1:B5000"),INDIRECT("'"&Tabela2[[#This Row],[MODELO]]&"'!A1:A5000")),"")} -> 239 | N71: {=IF(Tabela2[[#This Row],[TIPO]]="BASE - POSTO FLU",OFFSET(INDIRECT("'"&Tabela2[[#This Row],[MODELO]]&"'!A1"),MATCH("Sub-bacia modelada: "&Tabela2[[#This Row],[SUBBACIA]],INDIRECT("'"&Tabela2[[#This Row],[MODELO]]&"'!A1:A5000"),0)+8,0),"")} | O71: {=IF(Tabela2[[#This Row],[TIPO]]="NÃO BASE","",INDEX(INDIRECT("'"&Tabela2[[#This Row],[MODELO]]&"'!$A$1:$A$5000"),MATCH("Precipitação verificada:",OFFSET(INDIRECT("'"&Tabela2[[#This Row],[MODELO]]&"'!$A$1"),MATCH("Sub-bacia modelada: "&Tabela2[[#This Row],[SUBBACIA MODELADA]],INDIRECT("'"&Tabela2[[#This Row],[MODELO]]&"'!$A$1:$A$5000"),0),0,25,1),0)+MATCH("Sub-bacia modelada: "&Tabela2[[#This Row],[SUBBACIA MODELADA]],INDIRECT("'"&Tabela2[[#This Row],[MODELO]]&"'!$A$1:$A$5000"),0)+3))} -> PSATIBT
A72: =IF(AND(K71>1,L71<>K71),A71,A71+1) -> 20 | B72: SMAP PARANAZÃO | C72: SMP_PRNzao | D72: Tietê | E72: {=IF(K72=0,F72,TRIM(OFFSET(INDIRECT("'"&B72&"'!A1"),I72+L72,1)))} -> N. Avanhandava | F72: {=TRIM(SUBSTITUTE(INDEX(INDIRECT("'"&B72&"'!A1:A1000"),H72),"Sub-bacia modelada:",""))} -> Nova Avanhandava | G72: =IF(K72=0,"BASE - POSTO FLU",IF(OR(E72=F72,K72=1),"BASE - RESERVATÓRIO","NÃO BASE")) -> NÃO BASE | H72: {=SMALL(ROW(INDIRECT("'"&B72&"'!A1:A1000"))*IF(ISNUMBER(FIND("Sub-bacia modelada:",INDIRECT("'"&B72&"'!A1:A1000"))),1,9999),RESUMO!A72)} -> 416 | I72: =MATCH("Código",INDIRECT("'"&B72&"'!A"&H72&":A"&H72+20),0)+H72-1 -> 419 | J72: =MATCH("Código",INDIRECT("'"&B72&"'!A"&I72+1&":A"&H72+20),0)+I72 -> 424 | K72: =COUNT(INDIRECT("'"&B72&"'!A"&I72&":A"&J72)) -> 2 | L72: =COUNTIF($F$1:F72,F72) -> 1 | M72: {=IF(Tabela2[[#This Row],[TIPO]]<>"BASE - POSTO FLU",_xlfn.XLOOKUP(Tabela2[[#This Row],[SUBBACIA]],INDIRECT("'"&Tabela2[[#This Row],[MODELO]]&"'!B1:B5000"),INDIRECT("'"&Tabela2[[#This Row],[MODELO]]&"'!A1:A5000")),"")} -> 242 | N72: {=IF(Tabela2[[#This Row],[TIPO]]="BASE - POSTO FLU",OFFSET(INDIRECT("'"&Tabela2[[#This Row],[MODELO]]&"'!A1"),MATCH("Sub-bacia modelada: "&Tabela2[[#This Row],[SUBBACIA]],INDIRECT("'"&Tabela2[[#This Row],[MODELO]]&"'!A1:A5000"),0)+8,0),"")} | O72: {=IF(Tabela2[[#This Row],[TIPO]]="NÃO BASE","",INDEX(INDIRECT("'"&Tabela2[[#This Row],[MODELO]]&"'!$A$1:$A$5000"),MATCH("Precipitação verificada:",OFFSET(INDIRECT("'"&Tabela2[[#This Row],[MODELO]]&"'!$A$1"),MATCH("Sub-bacia modelada: "&Tabela2[[#This Row],[SUBBACIA MODELADA]],INDIRECT("'"&Tabela2[[#This Row],[MODELO]]&"'!$A$1:$A$5000"),0),0,25,1),0)+MATCH("Sub-bacia modelada: "&Tabela2[[#This Row],[SUBBACIA MODELADA]],INDIRECT("'"&Tabela2[[#This Row],[MODELO]]&"'!$A$1:$A$5000"),0)+3))}
A73: 1 | B73: SMAP SUL | C73: SMP_SUL | D73: Iguaçu | E73: {=IF(K73=0,F73,TRIM(OFFSET(INDIRECT("'"&B73&"'!A1"),I73+L73,1)))} -> G. B. Munhoz | F73: {=TRIM(SUBSTITUTE(INDEX(INDIRECT("'"&B73&"'!A1:A1000"),H73),"Sub-bacia modelada:",""))} -> Foz do Areia | G73: =IF(K73=0,"BASE - POSTO FLU",IF(OR(E73=F73,K73=1),"BASE - RESERVATÓRIO","NÃO BASE")) -> BASE - RESERVATÓRIO | H73: {=SMALL(ROW(INDIRECT("'"&B73&"'!A1:A1000"))*IF(ISNUMBER(FIND("Sub-bacia modelada:",INDIRECT("'"&B73&"'!A1:A1000"))),1,9999),RESUMO!A73)} -> 2 | I73: =MATCH("Código",INDIRECT("'"&B73&"'!A"&H73&":A"&H73+20),0)+H73-1 -> 5 | J73: =MATCH("Código",INDIRECT("'"&B73&"'!A"&I73+1&":A"&H73+20),0)+I73 -> 9 | K73: =COUNT(INDIRECT("'"&B73&"'!A"&I73&":A"&J73)) -> 1 | L73: =COUNTIF($F$1:F73,F73) -> 1 | M73: {=IF(Tabela2[[#This Row],[TIPO]]<>"BASE - POSTO FLU",_xlfn.XLOOKUP(Tabela2[[#This Row],[SUBBACIA]],INDIRECT("'"&Tabela2[[#This Row],[MODELO]]&"'!B1:B5000"),INDIRECT("'"&Tabela2[[#This Row],[MODELO]]&"'!A1:A5000")),"")} -> 74 | N73: {=IF(Tabela2[[#This Row],[TIPO]]="BASE - POSTO FLU",OFFSET(INDIRECT("'"&Tabela2[[#This Row],[MODELO]]&"'!A1"),MATCH("Sub-bacia modelada: "&Tabela2[[#This Row],[SUBBACIA]],INDIRECT("'"&Tabela2[[#This Row],[MODELO]]&"'!A1:A5000"),0)+8,0),"")} | O73: {=IF(Tabela2[[#This Row],[TIPO]]="NÃO BASE","",INDEX(INDIRECT("'"&Tabela2[[#This Row],[MODELO]]&"'!$A$1:$A$5000"),MATCH("Precipitação verificada:",OFFSET(INDIRECT("'"&Tabela2[[#This Row],[MODELO]]&"'!$A$1"),MATCH("Sub-bacia modelada: "&Tabela2[[#This Row],[SUBBACIA MODELADA]],INDIRECT("'"&Tabela2[[#This Row],[MODELO]]&"'!$A$1:$A$5000"),0),0,25,1),0)+MATCH("Sub-bacia modelada: "&Tabela2[[#This Row],[SUBBACIA MODELADA]],INDIRECT("'"&Tabela2[[#This Row],[MODELO]]&"'!$A$1:$A$5000"),0)+3))} -> PSATFZA
A74: =IF(AND(K73>1,L73<>K73),A73,A73+1) -> 2 | B74: SMAP SUL | C74: SMP_SUL | D74: Iguaçu | E74: {=IF(K74=0,F74,TRIM(OFFSET(INDIRECT("'"&B74&"'!A1"),I74+L74,1)))} -> União da Vitória | F74: {=TRIM(SUBSTITUTE(INDEX(INDIRECT("'"&B74&"'!A1:A1000"),H74),"Sub-bacia modelada:",""))} -> União da Vitória | G74: =IF(K74=0,"BASE - POSTO FLU",IF(OR(E74=F74,K74=1),"BASE - RESERVATÓRIO","NÃO BASE")) -> BASE - POSTO FLU | H74: {=SMALL(ROW(INDIRECT("'"&B74&"'!A1:A1000"))*IF(ISNUMBER(FIND("Sub-bacia modelada:",INDIRECT("'"&B74&"'!A1:A1000"))),1,9999),RESUMO!A74)} -> 23 | I74: =MATCH("Código",INDIRECT("'"&B74&"'!A"&H74&":A"&H74+20),0)+H74-1 -> 26 | J74: =MATCH("Código",INDIRECT("'"&B74&"'!A"&I74+1&":A"&H74+20),0)+I74 -> 30 | K74: =COUNT(INDIRECT("'"&B74&"'!A"&I74&":A"&J74)) -> 0 | L74: =COUNTIF($F$1:F74,F74) -> 1 | M74: {=IF(Tabela2[[#This Row],[TIPO]]<>"BASE - POSTO FLU",_xlfn.XLOOKUP(Tabela2[[#This Row],[SUBBACIA]],INDIRECT("'"&Tabela2[[#This Row],[MODELO]]&"'!B1:B5000"),INDIRECT("'"&Tabela2[[#This Row],[MODELO]]&"'!A1:A5000")),"")} | N74: {=IF(Tabela2[[#This Row],[TIPO]]="BASE - POSTO FLU",OFFSET(INDIRECT("'"&Tabela2[[#This Row],[MODELO]]&"'!A1"),MATCH("Sub-bacia modelada: "&Tabela2[[#This Row],[SUBBACIA]],INDIRECT("'"&Tabela2[[#This Row],[MODELO]]&"'!A1:A5000"),0)+8,0),"")} -> 65310001 | O74: {=IF(Tabela2[[#This Row],[TIPO]]="NÃO BASE","",INDEX(INDIRECT("'"&Tabela2[[#This Row],[MODELO]]&"'!$A$1:$A$5000"),MATCH("Precipitação verificada:",OFFSET(INDIRECT("'"&Tabela2[[#This Row],[MODELO]]&"'!$A$1"),MATCH("Sub-bacia modelada: "&Tabela2[[#This Row],[SUBBACIA MODELADA]],INDIRECT("'"&Tabela2[[#This Row],[MODELO]]&"'!$A$1:$A$5000"),0),0,25,1),0)+MATCH("Sub-bacia modelada: "&Tabela2[[#This Row],[SUBBACIA MODELADA]],INDIRECT("'"&Tabela2[[#This Row],[MODELO]]&"'!$A$1:$A$5000"),0)+3))} -> PSATUVT
A75: =IF(AND(K74>1,L74<>K74),A74,A74+1) -> 3 | B75: SMAP SUL | C75: SMP_SUL | D75: Iguaçu | E75: {=IF(K75=0,F75,TRIM(OFFSET(INDIRECT("'"&B75&"'!A1"),I75+L75,1)))} -> Santa Clara - PR | F75: {=TRIM(SUBSTITUTE(INDEX(INDIRECT("'"&B75&"'!A1:A1000"),H75),"Sub-bacia modelada:",""))} -> Santa Clara | G75: =IF(K75=0,"BASE - POSTO FLU",IF(OR(E75=F75,K75=1),"BASE - RESERVATÓRIO","NÃO BASE")) -> BASE - RESERVATÓRIO | H75: {=SMALL(ROW(INDIRECT("'"&B75&"'!A1:A1000"))*IF(ISNUMBER(FIND("Sub-bacia modelada:",INDIRECT("'"&B75&"'!A1:A1000"))),1,9999),RESUMO!A75)} -> 44 | I75: =MATCH("Código",INDIRECT("'"&B75&"'!A"&H75&":A"&H75+20),0)+H75-1 -> 47 | J75: =MATCH("Código",INDIRECT("'"&B75&"'!A"&I75+1&":A"&H75+20),0)+I75 -> 51 | K75: =COUNT(INDIRECT("'"&B75&"'!A"&I75&":A"&J75)) -> 1 | L75: =COUNTIF($F$1:F75,F75) -> 1 | M75: {=IF(Tabela2[[#This Row],[TIPO]]<>"BASE - POSTO FLU",_xlfn.XLOOKUP(Tabela2[[#This Row],[SUBBACIA]],INDIRECT("'"&Tabela2[[#This Row],[MODELO]]&"'!B1:B5000"),INDIRECT("'"&Tabela2[[#This Row],[MODELO]]&"'!A1:A5000")),"")} -> 71 | N75: {=IF(Tabela2[[#This Row],[TIPO]]="BASE - POSTO FLU",OFFSET(INDIRECT("'"&Tabela2[[#This Row],[MODELO]]&"'!A1"),MATCH("Sub-bacia modelada: "&Tabela2[[#This Row],[SUBBACIA]],INDIRECT("'"&Tabela2[[#This Row],[MODELO]]&"'!A1:A5000"),0)+8,0),"")} | O75: {=IF(Tabela2[[#This Row],[TIPO]]="NÃO BASE","",INDEX(INDIRECT("'"&Tabela2[[#This Row],[MODELO]]&"'!$A$1:$A$5000"),MATCH("Precipitação verificada:",OFFSET(INDIRECT("'"&Tabela2[[#This Row],[MODELO]]&"'!$A$1"),MATCH("Sub-bacia modelada: "&Tabela2[[#This Row],[SUBBACIA MODELADA]],INDIRECT("'"&Tabela2[[#This Row],[MODELO]]&"'!$A$1:$A$5000"),0),0,25,1),0)+MATCH("Sub-bacia modelada: "&Tabela2[[#This Row],[SUBBACIA MODELADA]],INDIRECT("'"&Tabela2[[#This Row],[MODELO]]&"'!$A$1:$A$5000"),0)+3))} -> PSATSCL
A76: =IF(AND(K75>1,L75<>K75),A75,A75+1) -> 4 | B76: SMAP SUL | C76: SMP_SUL | D76: Iguaçu | E76: {=IF(K76=0,F76,TRIM(OFFSET(INDIRECT("'"&B76&"'!A1"),I76+L76,1)))} -> Fundão | F76: {=TRIM(SUBSTITUTE(INDEX(INDIRECT("'"&B76&"'!A1:A1000"),H76),"Sub-bacia modelada:",""))} -> Jordão - Segredo | G76: =IF(K76=0,"BASE - POSTO FLU",IF(OR(E76=F76,K76=1),"BASE - RESERVATÓRIO","NÃO BASE")) -> NÃO BASE | H76: {=SMALL(ROW(INDIRECT("'"&B76&"'!A1:A1000"))*IF(ISNUMBER(FIND("Sub-bacia modelada:",INDIRECT("'"&B76&"'!A1:A1000"))),1,9999),RESUMO!A76)} -> 65 | I76: =MATCH("Código",INDIRECT("'"&B76&"'!A"&H76&":A"&H76+20),0)+H76-1 -> 68 | J76: =MATCH("Código",INDIRECT("'"&B76&"'!A"&I76+1&":A"&H76+20),0)+I76 -> 75 | K76: =COUNT(INDIRECT("'"&B76&"'!A"&I76&":A"&J76)) -> 4 | L76: =COUNTIF($F$1:F76,F76) -> 1 | M76: {=IF(Tabela2[[#This Row],[TIPO]]<>"BASE - POSTO FLU",_xlfn.XLOOKUP(Tabela2[[#This Row],[SUBBACIA]],INDIRECT("'"&Tabela2[[#This Row],[MODELO]]&"'!B1:B5000"),INDIRECT("'"&Tabela2[[#This Row],[MODELO]]&"'!A1:A5000")),"")} -> 72 | N76: {=IF(Tabela2[[#This Row],[TIPO]]="BASE - POSTO FLU",OFFSET(INDIRECT("'"&Tabela2[[#This Row],[MODELO]]&"'!A1"),MATCH("Sub-bacia modelada: "&Tabela2[[#This Row],[SUBBACIA]],INDIRECT("'"&Tabela2[[#This Row],[MODELO]]&"'!A1:A5000"),0)+8,0),"")} | O76: {=IF(Tabela2[[#This Row],[TIPO]]="NÃO BASE","",INDEX(INDIRECT("'"&Tabela2[[#This Row],[MODELO]]&"'!$A$1:$A$5000"),MATCH("Precipitação verificada:",OFFSET(INDIRECT("'"&Tabela2[[#This Row],[MODELO]]&"'!$A$1"),MATCH("Sub-bacia modelada: "&Tabela2[[#This Row],[SUBBACIA MODELADA]],INDIRECT("'"&Tabela2[[#This Row],[MODELO]]&"'!$A$1:$A$5000"),0),0,25,1),0)+MATCH("Sub-bacia modelada: "&Tabela2[[#This Row],[SUBBACIA MODELADA]],INDIRECT("'"&Tabela2[[#This Row],[MODELO]]&"'!$A$1:$A$5000"),0)+3))}
A77: =IF(AND(K76>1,L76<>K76),A76,A76+1) -> 4 | B77: SMAP SUL | C77: SMP_SUL | D77: Iguaçu | E77: {=IF(K77=0,F77,TRIM(OFFSET(INDIRECT("'"&B77&"'!A1"),I77+L77,1)))} -> Jordão | F77: {=TRIM(SUBSTITUTE(INDEX(INDIRECT("'"&B77&"'!A1:A1000"),H77),"Sub-bacia modelada:",""))} -> Jordão - Segredo | G77: =IF(K77=0,"BASE - POSTO FLU",IF(OR(E77=F77,K77=1),"BASE - RESERVATÓRIO","NÃO BASE")) -> NÃO BASE | H77: {=SMALL(ROW(INDIRECT("'"&B77&"'!A1:A1000"))*IF(ISNUMBER(FIND("Sub-bacia modelada:",INDIRECT("'"&B77&"'!A1:A1000"))),1,9999),RESUMO!A77)} -> 65 | I77: =MATCH("Código",INDIRECT("'"&B77&"'!A"&H77&":A"&H77+20),0)+H77-1 -> 68 | J77: =MATCH("Código",INDIRECT("'"&B77&"'!A"&I77+1&":A"&H77+20),0)+I77 -> 75 | K77: =COUNT(INDIRECT("'"&B77&"'!A"&I77&":A"&J77)) -> 4 | L77: =COUNTIF($F$1:F77,F77) -> 2 | M77: {=IF(Tabela2[[#This Row],[TIPO]]<>"BASE - POSTO FLU",_xlfn.XLOOKUP(Tabela2[[#This Row],[SUBBACIA]],INDIRECT("'"&Tabela2[[#This Row],[MODELO]]&"'!B1:B5000"),INDIRECT("'"&Tabela2[[#This Row],[MODELO]]&"'!A1:A5000")),"")} -> 73 | N77: {=IF(Tabela2[[#This Row],[TIPO]]="BASE - POSTO FLU",OFFSET(INDIRECT("'"&Tabela2[[#This Row],[MODELO]]&"'!A1"),MATCH("Sub-bacia modelada: "&Tabela2[[#This Row],[SUBBACIA]],INDIRECT("'"&Tabela2[[#This Row],[MODELO]]&"'!A1:A5000"),0)+8,0),"")} | O77: {=IF(Tabela2[[#This Row],[TIPO]]="NÃO BASE","",INDEX(INDIRECT("'"&Tabela2[[#This Row],[MODELO]]&"'!$A$1:$A$5000"),MATCH("Precipitação verificada:",OFFSET(INDIRECT("'"&Tabela2[[#This Row],[MODELO]]&"'!$A$1"),MATCH("Sub-bacia modelada: "&Tabela2[[#This Row],[SUBBACIA MODELADA]],INDIRECT("'"&Tabela2[[#This Row],[MODELO]]&"'!$A$1:$A$5000"),0),0,25,1),0)+MATCH("Sub-bacia modelada: "&Tabela2[[#This Row],[SUBBACIA MODELADA]],INDIRECT("'"&Tabela2[[#This Row],[MODELO]]&"'!$A$1:$A$5000"),0)+3))}
A78: =IF(AND(K77>1,L77<>K77),A77,A77+1) -> 4 | B78: SMAP SUL | C78: SMP_SUL | D78: Iguaçu | E78: {=IF(K78=0,F78,TRIM(OFFSET(INDIRECT("'"&B78&"'!A1"),I78+L78,1)))} -> Segredo | F78: {=TRIM(SUBSTITUTE(INDEX(INDIRECT("'"&B78&"'!A1:A1000"),H78),"Sub-bacia modelada:",""))} -> Jordão - Segredo | G78: =IF(K78=0,"BASE - POSTO FLU",IF(OR(E78=F78,K78=1),"BASE - RESERVATÓRIO","NÃO BASE")) -> NÃO BASE | H78: {=SMALL(ROW(INDIRECT("'"&B78&"'!A1:A1000"))*IF(ISNUMBER(FIND("Sub-bacia modelada:",INDIRECT("'"&B78&"'!A1:A1000"))),1,9999),RESUMO!A78)} -> 65 | I78: =MATCH("Código",INDIRECT("'"&B78&"'!A"&H78&":A"&H78+20),0)+H78-1 -> 68 | J78: =MATCH("Código",INDIRECT("'"&B78&"'!A"&I78+1&":A"&H78+20),0)+I78 -> 75 | K78: =COUNT(INDIRECT("'"&B78&"'!A"&I78&":A"&J78)) -> 4 | L78: =COUNTIF($F$1:F78,F78) -> 3 | M78: {=IF(Tabela2[[#This Row],[TIPO]]<>"BASE - POSTO FLU",_xlfn.XLOOKUP(Tabela2[[#This Row],[SUBBACIA]],INDIRECT("'"&Tabela2[[#This Row],[MODELO]]&"'!B1:B5000"),INDIRECT("'"&Tabela2[[#This Row],[MODELO]]&"'!A1:A5000")),"")} -> 76 | N78: {=IF(Tabela2[[#This Row],[TIPO]]="BASE - POSTO FLU",OFFSET(INDIRECT("'"&Tabela2[[#This Row],[MODELO]]&"'!A1"),MATCH("Sub-bacia modelada: "&Tabela2[[#This Row],[SUBBACIA]],INDIRECT("'"&Tabela2[[#This Row],[MODELO]]&"'!A1:A5000"),0)+8,0),"")} | O78: {=IF(Tabela2[[#This Row],[TIPO]]="NÃO BASE","",INDEX(INDIRECT("'"&Tabela2[[#This Row],[MODELO]]&"'!$A$1:$A$5000"),MATCH("Precipitação verificada:",OFFSET(INDIRECT("'"&Tabela2[[#This Row],[MODELO]]&"'!$A$1"),MATCH("Sub-bacia modelada: "&Tabela2[[#This Row],[SUBBACIA MODELADA]],INDIRECT("'"&Tabela2[[#This Row],[MODELO]]&"'!$A$1:$A$5000"),0),0,25,1),0)+MATCH("Sub-bacia modelada: "&Tabela2[[#This Row],[SUBBACIA MODELADA]],INDIRECT("'"&Tabela2[[#This Row],[MODELO]]&"'!$A$1:$A$5000"),0)+3))}
A79: =IF(AND(K78>1,L78<>K78),A78,A78+1) -> 4 | B79: SMAP SUL | C79: SMP_SUL | D79: Iguaçu | E79: {=IF(K79=0,F79,TRIM(OFFSET(INDIRECT("'"&B79&"'!A1"),I79+L79,1)))} -> Segredo+Jordão | F79: {=TRIM(SUBSTITUTE(INDEX(INDIRECT("'"&B79&"'!A1:A1000"),H79),"Sub-bacia modelada:",""))} -> Jordão - Segredo | G79: BASE - RESERVATÓRIO | H79: {=SMALL(ROW(INDIRECT("'"&B79&"'!A1:A1000"))*IF(ISNUMBER(FIND("Sub-bacia modelada:",INDIRECT("'"&B79&"'!A1:A1000"))),1,9999),RESUMO!A79)} -> 65 | I79: =MATCH("Código",INDIRECT("'"&B79&"'!A"&H79&":A"&H79+20),0)+H79-1 -> 68 | J79: =MATCH("Código",INDIRECT("'"&B79&"'!A"&I79+1&":A"&H79+20),0)+I79 -> 75 | K79: =COUNT(INDIRECT("'"&B79&"'!A"&I79&":A"&J79)) -> 4 | L79: =COUNTIF($F$1:F79,F79) -> 4 | M79: {=IF(Tabela2[[#This Row],[TIPO]]<>"BASE - POSTO FLU",_xlfn.XLOOKUP(Tabela2[[#This Row],[SUBBACIA]],INDIRECT("'"&Tabela2[[#This Row],[MODELO]]&"'!B1:B5000"),INDIRECT("'"&Tabela2[[#This Row],[MODELO]]&"'!A1:A5000")),"")} -> 976 | N79: {=IF(Tabela2[[#This Row],[TIPO]]="BASE - POSTO FLU",OFFSET(INDIRECT("'"&Tabela2[[#This Row],[MODELO]]&"'!A1"),MATCH("Sub-bacia modelada: "&Tabela2[[#This Row],[SUBBACIA]],INDIRECT("'"&Tabela2[[#This Row],[MODELO]]&"'!A1:A5000"),0)+8,0),"")} | O79: {=IF(Tabela2[[#This Row],[TIPO]]="NÃO BASE","",INDEX(INDIRECT("'"&Tabela2[[#This Row],[MODELO]]&"'!$A$1:$A$5000"),MATCH("Precipitação verificada:",OFFSET(INDIRECT("'"&Tabela2[[#This Row],[MODELO]]&"'!$A$1"),MATCH("Sub-bacia modelada: "&Tabela2[[#This Row],[SUBBACIA MODELADA]],INDIRECT("'"&Tabela2[[#This Row],[MODELO]]&"'!$A$1:$A$5000"),0),0,25,1),0)+MATCH("Sub-bacia modelada: "&Tabela2[[#This Row],[SUBBACIA MODELADA]],INDIRECT("'"&Tabela2[[#This Row],[MODELO]]&"'!$A$1:$A$5000"),0)+3))} -> PSATJSG
A80: =IF(AND(K79>1,L79<>K79),A79,A79+1) -> 5 | B80: SMAP SUL | C80: SMP_SUL | D80: Iguaçu | E80: {=IF(K80=0,F80,TRIM(OFFSET(INDIRECT("'"&B80&"'!A1"),I80+L80,1)))} -> Salto Caxias | F80: {=TRIM(SUBSTITUTE(INDEX(INDIRECT("'"&B80&"'!A1:A1000"),H80),"Sub-bacia modelada:",""))} -> Baixo Iguaçu | G80: =IF(K80=0,"BASE - POSTO FLU",IF(OR(E80=F80,K80=1),"BASE - RESERVATÓRIO","NÃO BASE")) -> NÃO BASE | H80: {=SMALL(ROW(INDIRECT("'"&B80&"'!A1:A1000"))*IF(ISNUMBER(FIND("Sub-bacia modelada:",INDIRECT("'"&B80&"'!A1:A1000"))),1,9999),RESUMO!A80)} -> 89 | I80: =MATCH("Código",INDIRECT("'"&B80&"'!A"&H80&":A"&H80+20),0)+H80-1 -> 92 | J80: =MATCH("Código",INDIRECT("'"&B80&"'!A"&I80+1&":A"&H80+20),0)+I80 -> 99 | K80: =COUNT(INDIRECT("'"&B80&"'!A"&I80&":A"&J80)) -> 4 | L80: =COUNTIF($F$1:F80,F80) -> 1 | M80: {=IF(Tabela2[[#This Row],[TIPO]]<>"BASE - POSTO FLU",_xlfn.XLOOKUP(Tabela2[[#This Row],[SUBBACIA]],INDIRECT("'"&Tabela2[[#This Row],[MODELO]]&"'!B1:B5000"),INDIRECT("'"&Tabela2[[#This Row],[MODELO]]&"'!A1:A5000")),"")} -> 222 | N80: {=IF(Tabela2[[#This Row],[TIPO]]="BASE - POSTO FLU",OFFSET(INDIRECT("'"&Tabela2[[#This Row],[MODELO]]&"'!A1"),MATCH("Sub-bacia modelada: "&Tabela2[[#This Row],[SUBBACIA]],INDIRECT("'"&Tabela2[[#This Row],[MODELO]]&"'!A1:A5000"),0)+8,0),"")} | O80: {=IF(Tabela2[[#This Row],[TIPO]]="NÃO BASE","",INDEX(INDIRECT("'"&Tabela2[[#This Row],[MODELO]]&"'!$A$1:$A$5000"),MATCH("Precipitação verificada:",OFFSET(INDIRECT("'"&Tabela2[[#This Row],[MODELO]]&"'!$A$1"),MATCH("Sub-bacia modelada: "&Tabela2[[#This Row],[SUBBACIA MODELADA]],INDIRECT("'"&Tabela2[[#This Row],[MODELO]]&"'!$A$1:$A$5000"),0),0,25,1),0)+MATCH("Sub-bacia modelada: "&Tabela2[[#This Row],[SUBBACIA MODELADA]],INDIRECT("'"&Tabela2[[#This Row],[MODELO]]&"'!$A$1:$A$5000"),0)+3))}
A81: =IF(AND(K80>1,L80<>K80),A80,A80+1) -> 5 | B81: SMAP SUL | C81: SMP_SUL | D81: Iguaçu | E81: {=IF(K81=0,F81,TRIM(OFFSET(INDIRECT("'"&B81&"'!A1"),I81+L81,1)))} -> Salto Osorio | F81: {=TRIM(SUBSTITUTE(INDEX(INDIRECT("'"&B81&"'!A1:A1000"),H81),"Sub-bacia modelada:",""))} -> Baixo Iguaçu | G81: =IF(K81=0,"BASE - POSTO FLU",IF(OR(E81=F81,K81=1),"BASE - RESERVATÓRIO","NÃO BASE")) -> NÃO BASE | H81: {=SMALL(ROW(INDIRECT("'"&B81&"'!A1:A1000"))*IF(ISNUMBER(FIND("Sub-bacia modelada:",INDIRECT("'"&B81&"'!A1:A1000"))),1,9999),RESUMO!A81)} -> 89 | I81: =MATCH("Código",INDIRECT("'"&B81&"'!A"&H81&":A"&H81+20),0)+H81-1 -> 92 | J81: =MATCH("Código",INDIRECT("'"&B81&"'!A"&I81+1&":A"&H81+20),0)+I81 -> 99 | K81: =COUNT(INDIRECT("'"&B81&"'!A"&I81&":A"&J81)) -> 4 | L81: =COUNTIF($F$1:F81,F81) -> 2 | M81: {=IF(Tabela2[[#This Row],[TIPO]]<>"BASE - POSTO FLU",_xlfn.XLOOKUP(Tabela2[[#This Row],[SUBBACIA]],INDIRECT("'"&Tabela2[[#This Row],[MODELO]]&"'!B1:B5000"),INDIRECT("'"&Tabela2[[#This Row],[MODELO]]&"'!A1:A5000")),"")} -> 78 | N81: {=IF(Tabela2[[#This Row],[TIPO]]="BASE - POSTO FLU",OFFSET(INDIRECT("'"&Tabela2[[#This Row],[MODELO]]&"'!A1"),MATCH("Sub-bacia modelada: "&Tabela2[[#This Row],[SUBBACIA]],INDIRECT("'"&Tabela2[[#This Row],[MODELO]]&"'!A1:A5000"),0)+8,0),"")} | O81: {=IF(Tabela2[[#This Row],[TIPO]]="NÃO BASE","",INDEX(INDIRECT("'"&Tabela2[[#This Row],[MODELO]]&"'!$A$1:$A$5000"),MATCH("Precipitação verificada:",OFFSET(INDIRECT("'"&Tabela2[[#This Row],[MODELO]]&"'!$A$1"),MATCH("Sub-bacia modelada: "&Tabela2[[#This Row],[SUBBACIA MODELADA]],INDIRECT("'"&Tabela2[[#This Row],[MODELO]]&"'!$A$1:$A$5000"),0),0,25,1),0)+MATCH("Sub-bacia modelada: "&Tabela2[[#This Row],[SUBBACIA MODELADA]],INDIRECT("'"&Tabela2[[#This Row],[MODELO]]&"'!$A$1:$A$5000"),0)+3))}
A82: =IF(AND(K81>1,L81<>K81),A81,A81+1) -> 5 | B82: SMAP SUL | C82: SMP_SUL | D82: Iguaçu | E82: {=IF(K82=0,F82,TRIM(OFFSET(INDIRECT("'"&B82&"'!A1"),I82+L82,1)))} -> Salto Santiago | F82: {=TRIM(SUBSTITUTE(INDEX(INDIRECT("'"&B82&"'!A1:A1000"),H82),"Sub-bacia modelada:",""))} -> Baixo Iguaçu | G82: =IF(K82=0,"BASE - POSTO FLU",IF(OR(E82=F82,K82=1),"BASE - RESERVATÓRIO","NÃO BASE")) -> NÃO BASE | H82: {=SMALL(ROW(INDIRECT("'"&B82&"'!A1:A1000"))*IF(ISNUMBER(FIND("Sub-bacia modelada:",INDIRECT("'"&B82&"'!A1:A1000"))),1,9999),RESUMO!A82)} -> 89 | I82: =MATCH("Código",INDIRECT("'"&B82&"'!A"&H82&":A"&H82+20),0)+H82-1 -> 92 | J82: =MATCH("Código",INDIRECT("'"&B82&"'!A"&I82+1&":A"&H82+20),0)+I82 -> 99 | K82: =COUNT(INDIRECT("'"&B82&"'!A"&I82&":A"&J82)) -> 4 | L82: =COUNTIF($F$1:F82,F82) -> 3 | M82: {=IF(Tabela2[[#This Row],[TIPO]]<>"BASE - POSTO FLU",_xlfn.XLOOKUP(Tabela2[[#This Row],[SUBBACIA]],INDIRECT("'"&Tabela2[[#This Row],[MODELO]]&"'!B1:B5000"),INDIRECT("'"&Tabela2[[#This Row],[MODELO]]&"'!A1:A5000")),"")} -> 77 | N82: {=IF(Tabela2[[#This Row],[TIPO]]="BASE - POSTO FLU",OFFSET(INDIRECT("'"&Tabela2[[#This Row],[MODELO]]&"'!A1"),MATCH("Sub-bacia modelada: "&Tabela2[[#This Row],[SUBBACIA]],INDIRECT("'"&Tabela2[[#This Row],[MODELO]]&"'!A1:A5000"),0)+8,0),"")} | O82: {=IF(Tabela2[[#This Row],[TIPO]]="NÃO BASE","",INDEX(INDIRECT("'"&Tabela2[[#This Row],[MODELO]]&"'!$A$1:$A$5000"),MATCH("Precipitação verificada:",OFFSET(INDIRECT("'"&Tabela2[[#This Row],[MODELO]]&"'!$A$1"),MATCH("Sub-bacia modelada: "&Tabela2[[#This Row],[SUBBACIA MODELADA]],INDIRECT("'"&Tabela2[[#This Row],[MODELO]]&"'!$A$1:$A$5000"),0),0,25,1),0)+MATCH("Sub-bacia modelada: "&Tabela2[[#This Row],[SUBBACIA MODELADA]],INDIRECT("'"&Tabela2[[#This Row],[MODELO]]&"'!$A$1:$A$5000"),0)+3))}
A83: =IF(AND(K82>1,L82<>K82),A82,A82+1) -> 5 | B83: SMAP SUL | C83: SMP_SUL | D83: Iguaçu | E83: {=IF(K83=0,F83,TRIM(OFFSET(INDIRECT("'"&B83&"'!A1"),I83+L83,1)))} -> Baixo Iguaçu | F83: {=TRIM(SUBSTITUTE(INDEX(INDIRECT("'"&B83&"'!A1:A1000"),H83),"Sub-bacia modelada:",""))} -> Baixo Iguaçu | G83: =IF(K83=0,"BASE - POSTO FLU",IF(OR(E83=F83,K83=1),"BASE - RESERVATÓRIO","NÃO BASE")) -> BASE - RESERVATÓRIO | H83: {=SMALL(ROW(INDIRECT("'"&B83&"'!A1:A1000"))*IF(ISNUMBER(FIND("Sub-bacia modelada:",INDIRECT("'"&B83&"'!A1:A1000"))),1,9999),RESUMO!A83)} -> 89 | I83: =MATCH("Código",INDIRECT("'"&B83&"'!A"&H83&":A"&H83+20),0)+H83-1 -> 92 | J83: =MATCH("Código",INDIRECT("'"&B83&"'!A"&I83+1&":A"&H83+20),0)+I83 -> 99 | K83: =COUNT(INDIRECT("'"&B83&"'!A"&I83&":A"&J83)) -> 4 | L83: =COUNTIF($F$1:F83,F83) -> 4 | M83: {=IF(Tabela2[[#This Row],[TIPO]]<>"BASE - POSTO FLU",_xlfn.XLOOKUP(Tabela2[[#This Row],[SUBBACIA]],INDIRECT("'"&Tabela2[[#This Row],[MODELO]]&"'!B1:B5000"),INDIRECT("'"&Tabela2[[#This Row],[MODELO]]&"'!A1:A5000")),"")} -> 81 | N83: {=IF(Tabela2[[#This Row],[TIPO]]="BASE - POSTO FLU",OFFSET(INDIRECT("'"&Tabela2[[#This Row],[MODELO]]&"'!A1"),MATCH("Sub-bacia modelada: "&Tabela2[[#This Row],[SUBBACIA]],INDIRECT("'"&Tabela2[[#This Row],[MODELO]]&"'!A1:A5000"),0)+8,0),"")} | O83: {=IF(Tabela2[[#This Row],[TIPO]]="NÃO BASE","",INDEX(INDIRECT("'"&Tabela2[[#This Row],[MODELO]]&"'!$A$1:$A$5000"),MATCH("Precipitação verificada:",OFFSET(INDIRECT("'"&Tabela2[[#This Row],[MODELO]]&"'!$A$1"),MATCH("Sub-bacia modelada: "&Tabela2[[#This Row],[SUBBACIA MODELADA]],INDIRECT("'"&Tabela2[[#This Row],[MODELO]]&"'!$A$1:$A$5000"),0),0,25,1),0)+MATCH("Sub-bacia modelada: "&Tabela2[[#This Row],[SUBBACIA MODELADA]],INDIRECT("'"&Tabela2[[#This Row],[MODELO]]&"'!$A$1:$A$5000"),0)+3))} -> PSATBIGU
A84: =IF(AND(K83>1,L83<>K83),A83,A83+1) -> 6 | B84: SMAP SUL | C84: SMP_SUL | D84: Uruguai | E84: {=IF(K84=0,F84,TRIM(OFFSET(INDIRECT("'"&B84&"'!A1"),I84+L84,1)))} -> Barra Grande | F84: {=TRIM(SUBSTITUTE(INDEX(INDIRECT("'"&B84&"'!A1:A1000"),H84),"Sub-bacia modelada:",""))} -> Barra Grande | G84: =IF(K84=0,"BASE - POSTO FLU",IF(OR(E84=F84,K84=1),"BASE - RESERVATÓRIO","NÃO BASE")) -> BASE - RESERVATÓRIO | H84: {=SMALL(ROW(INDIRECT("'"&B84&"'!A1:A1000"))*IF(ISNUMBER(FIND("Sub-bacia modelada:",INDIRECT("'"&B84&"'!A1:A1000"))),1,9999),RESUMO!A84)} -> 113 | I84: =MATCH("Código",INDIRECT("'"&B84&"'!A"&H84&":A"&H84+20),0)+H84-1 -> 116 | J84: =MATCH("Código",INDIRECT("'"&B84&"'!A"&I84+1&":A"&H84+20),0)+I84 -> 120 | K84: =COUNT(INDIRECT("'"&B84&"'!A"&I84&":A"&J84)) -> 1 | L84: =COUNTIF($F$1:F84,F84) -> 1 | M84: {=IF(Tabela2[[#This Row],[TIPO]]<>"BASE - POSTO FLU",_xlfn.XLOOKUP(Tabela2[[#This Row],[SUBBACIA]],INDIRECT("'"&Tabela2[[#This Row],[MODELO]]&"'!B1:B5000"),INDIRECT("'"&Tabela2[[#This Row],[MODELO]]&"'!A1:A5000")),"")} -> 215 | N84: {=IF(Tabela2[[#This Row],[TIPO]]="BASE - POSTO FLU",OFFSET(INDIRECT("'"&Tabela2[[#This Row],[MODELO]]&"'!A1"),MATCH("Sub-bacia modelada: "&Tabela2[[#This Row],[SUBBACIA]],INDIRECT("'"&Tabela2[[#This Row],[MODELO]]&"'!A1:A5000"),0)+8,0),"")} | O84: {=IF(Tabela2[[#This Row],[TIPO]]="NÃO BASE","",INDEX(INDIRECT("'"&Tabela2[[#This Row],[MODELO]]&"'!$A$1:$A$5000"),MATCH("Precipitação verificada:",OFFSET(INDIRECT("'"&Tabela2[[#This Row],[MODELO]]&"'!$A$1"),MATCH("Sub-bacia modelada: "&Tabela2[[#This Row],[SUBBACIA MODELADA]],INDIRECT("'"&Tabela2[[#This Row],[MODELO]]&"'!$A$1:$A$5000"),0),0,25,1),0)+MATCH("Sub-bacia modelada: "&Tabela2[[#This Row],[SUBBACIA MODELADA]],INDIRECT("'"&Tabela2[[#This Row],[MODELO]]&"'!$A$1:$A$5000"),0)+3))} -> PSATBGR
A85: =IF(AND(K84>1,L84<>K84),A84,A84+1) -> 7 | B85: SMAP SUL | C85: SMP_SUL | D85: Uruguai | E85: {=IF(K85=0,F85,TRIM(OFFSET(INDIRECT("'"&B85&"'!A1"),I85+L85,1)))} -> São Roque | F85: {=TRIM(SUBSTITUTE(INDEX(INDIRECT("'"&B85&"'!A1:A1000"),H85),"Sub-bacia modelada:",""))} -> Campos Novos | G85: =IF(K85=0,"BASE - POSTO FLU",IF(OR(E85=F85,K85=1),"BASE - RESERVATÓRIO","NÃO BASE")) -> NÃO BASE | H85: {=SMALL(ROW(INDIRECT("'"&B85&"'!A1:A1000"))*IF(ISNUMBER(FIND("Sub-bacia modelada:",INDIRECT("'"&B85&"'!A1:A1000"))),1,9999),RESUMO!A85)} -> 134 | I85: =MATCH("Código",INDIRECT("'"&B85&"'!A"&H85&":A"&H85+20),0)+H85-1 -> 137 | J85: =MATCH("Código",INDIRECT("'"&B85&"'!A"&I85+1&":A"&H85+20),0)+I85 -> 143 | K85: =COUNT(INDIRECT("'"&B85&"'!A"&I85&":A"&J85)) -> 3 | L85: =COUNTIF($F$1:F85,F85) -> 1 | M85: {=IF(Tabela2[[#This Row],[TIPO]]<>"BASE - POSTO FLU",_xlfn.XLOOKUP(Tabela2[[#This Row],[SUBBACIA]],INDIRECT("'"&Tabela2[[#This Row],[MODELO]]&"'!B1:B5000"),INDIRECT("'"&Tabela2[[#This Row],[MODELO]]&"'!A1:A5000")),"")} -> 88 | N85: {=IF(Tabela2[[#This Row],[TIPO]]="BASE - POSTO FLU",OFFSET(INDIRECT("'"&Tabela2[[#This Row],[MODELO]]&"'!A1"),MATCH("Sub-bacia modelada: "&Tabela2[[#This Row],[SUBBACIA]],INDIRECT("'"&Tabela2[[#This Row],[MODELO]]&"'!A1:A5000"),0)+8,0),"")} | O85: {=IF(Tabela2[[#This Row],[TIPO]]="NÃO BASE","",INDEX(INDIRECT("'"&Tabela2[[#This Row],[MODELO]]&"'!$A$1:$A$5000"),MATCH("Precipitação verificada:",OFFSET(INDIRECT("'"&Tabela2[[#This Row],[MODELO]]&"'!$A$1"),MATCH("Sub-bacia modelada: "&Tabela2[[#This Row],[SUBBACIA MODELADA]],INDIRECT("'"&Tabela2[[#This Row],[MODELO]]&"'!$A$1:$A$5000"),0),0,25,1),0)+MATCH("Sub-bacia modelada: "&Tabela2[[#This Row],[SUBBACIA MODELADA]],INDIRECT("'"&Tabela2[[#This Row],[MODELO]]&"'!$A$1:$A$5000"),0)+3))}
A86: =IF(AND(K85>1,L85<>K85),A85,A85+1) -> 7 | B86: SMAP SUL | C86: SMP_SUL | D86: Uruguai | E86: {=IF(K86=0,F86,TRIM(OFFSET(INDIRECT("'"&B86&"'!A1"),I86+L86,1)))} -> Garibaldi | F86: {=TRIM(SUBSTITUTE(INDEX(INDIRECT("'"&B86&"'!A1:A1000"),H86),"Sub-bacia modelada:",""))} -> Campos Novos | G86: =IF(K86=0,"BASE - POSTO FLU",IF(OR(E86=F86,K86=1),"BASE - RESERVATÓRIO","NÃO BASE")) -> NÃO BASE | H86: {=SMALL(ROW(INDIRECT("'"&B86&"'!A1:A1000"))*IF(ISNUMBER(FIND("Sub-bacia modelada:",INDIRECT("'"&B86&"'!A1:A1000"))),1,9999),RESUMO!A86)} -> 134 | I86: =MATCH("Código",INDIRECT("'"&B86&"'!A"&H86&":A"&H86+20),0)+H86-1 -> 137 | J86: =MATCH("Código",INDIRECT("'"&B86&"'!A"&I86+1&":A"&H86+20),0)+I86 -> 143 | K86: =COUNT(INDIRECT("'"&B86&"'!A"&I86&":A"&J86)) -> 3 | L86: =COUNTIF($F$1:F86,F86) -> 2 | M86: {=IF(Tabela2[[#This Row],[TIPO]]<>"BASE - POSTO FLU",_xlfn.XLOOKUP(Tabela2[[#This Row],[SUBBACIA]],INDIRECT("'"&Tabela2[[#This Row],[MODELO]]&"'!B1:B5000"),INDIRECT("'"&Tabela2[[#This Row],[MODELO]]&"'!A1:A5000")),"")} -> 89 | N86: {=IF(Tabela2[[#This Row],[TIPO]]="BASE - POSTO FLU",OFFSET(INDIRECT("'"&Tabela2[[#This Row],[MODELO]]&"'!A1"),MATCH("Sub-bacia modelada: "&Tabela2[[#This Row],[SUBBACIA]],INDIRECT("'"&Tabela2[[#This Row],[MODELO]]&"'!A1:A5000"),0)+8,0),"")} | O86: {=IF(Tabela2[[#This Row],[TIPO]]="NÃO BASE","",INDEX(INDIRECT("'"&Tabela2[[#This Row],[MODELO]]&"'!$A$1:$A$5000"),MATCH("Precipitação verificada:",OFFSET(INDIRECT("'"&Tabela2[[#This Row],[MODELO]]&"'!$A$1"),MATCH("Sub-bacia modelada: "&Tabela2[[#This Row],[SUBBACIA MODELADA]],INDIRECT("'"&Tabela2[[#This Row],[MODELO]]&"'!$A$1:$A$5000"),0),0,25,1),0)+MATCH("Sub-bacia modelada: "&Tabela2[[#This Row],[SUBBACIA MODELADA]],INDIRECT("'"&Tabela2[[#This Row],[MODELO]]&"'!$A$1:$A$5000"),0)+3))}
A87: =IF(AND(K86>1,L86<>K86),A86,A86+1) -> 7 | B87: SMAP SUL | C87: SMP_SUL | D87: Uruguai | E87: {=IF(K87=0,F87,TRIM(OFFSET(INDIRECT("'"&B87&"'!A1"),I87+L87,1)))} -> Campos Novos | F87: {=TRIM(SUBSTITUTE(INDEX(INDIRECT("'"&B87&"'!A1:A1000"),H87),"Sub-bacia modelada:",""))} -> Campos Novos | G87: =IF(K87=0,"BASE - POSTO FLU",IF(OR(E87=F87,K87=1),"BASE - RESERVATÓRIO","NÃO BASE")) -> BASE - RESERVATÓRIO | H87: {=SMALL(ROW(INDIRECT("'"&B87&"'!A1:A1000"))*IF(ISNUMBER(FIND("Sub-bacia modelada:",INDIRECT("'"&B87&"'!A1:A1000"))),1,9999),RESUMO!A87)} -> 134 | I87: =MATCH("Código",INDIRECT("'"&B87&"'!A"&H87&":A"&H87+20),0)+H87-1 -> 137 | J87: =MATCH("Código",INDIRECT("'"&B87&"'!A"&I87+1&":A"&H87+20),0)+I87 -> 143 | K87: =COUNT(INDIRECT("'"&B87&"'!A"&I87&":A"&J87)) -> 3 | L87: =COUNTIF($F$1:F87,F87) -> 3 | M87: {=IF(Tabela2[[#This Row],[TIPO]]<>"BASE - POSTO FLU",_xlfn.XLOOKUP(Tabela2[[#This Row],[SUBBACIA]],INDIRECT("'"&Tabela2[[#This Row],[MODELO]]&"'!B1:B5000"),INDIRECT("'"&Tabela2[[#This Row],[MODELO]]&"'!A1:A5000")),"")} -> 216 | N87: {=IF(Tabela2[[#This Row],[TIPO]]="BASE - POSTO FLU",OFFSET(INDIRECT("'"&Tabela2[[#This Row],[MODELO]]&"'!A1"),MATCH("Sub-bacia modelada: "&Tabela2[[#This Row],[SUBBACIA]],INDIRECT("'"&Tabela2[[#This Row],[MODELO]]&"'!A1:A5000"),0)+8,0),"")} | O87: {=IF(Tabela2[[#This Row],[TIPO]]="NÃO BASE","",INDEX(INDIRECT("'"&Tabela2[[#This Row],[MODELO]]&"'!$A$1:$A$5000"),MATCH("Precipitação verificada:",OFFSET(INDIRECT("'"&Tabela2[[#This Row],[MODELO]]&"'!$A$1"),MATCH("Sub-bacia modelada: "&Tabela2[[#This Row],[SUBBACIA MODELADA]],INDIRECT("'"&Tabela2[[#This Row],[MODELO]]&"'!$A$1:$A$5000"),0),0,25,1),0)+MATCH("Sub-bacia modelada: "&Tabela2[[#This Row],[SUBBACIA MODELADA]],INDIRECT("'"&Tabela2[[#This Row],[MODELO]]&"'!$A$1:$A$5000"),0)+3))} -> PSATCNV
A88: =IF(AND(K87>1,L87<>K87),A87,A87+1) -> 8 | B88: SMAP SUL | C88: SMP_SUL | D88: Uruguai | E88: {=IF(K88=0,F88,TRIM(OFFSET(INDIRECT("'"&B88&"'!A1"),I88+L88,1)))} -> Machadinho | F88: {=TRIM(SUBSTITUTE(INDEX(INDIRECT("'"&B88&"'!A1:A1000"),H88),"Sub-bacia modelada:",""))} -> Machadinho | G88: =IF(K88=0,"BASE - POSTO FLU",IF(OR(E88=F88,K88=1),"BASE - RESERVATÓRIO","NÃO BASE")) -> BASE - RESERVATÓRIO | H88: {=SMALL(ROW(INDIRECT("'"&B88&"'!A1:A1000"))*IF(ISNUMBER(FIND("Sub-bacia modelada:",INDIRECT("'"&B88&"'!A1:A1000"))),1,9999),RESUMO!A88)} -> 157 | I88: =MATCH("Código",INDIRECT("'"&B88&"'!A"&H88&":A"&H88+20),0)+H88-1 -> 160 | J88: =MATCH("Código",INDIRECT("'"&B88&"'!A"&I88+1&":A"&H88+20),0)+I88 -> 164 | K88: =COUNT(INDIRECT("'"&B88&"'!A"&I88&":A"&J88)) -> 1 | L88: =COUNTIF($F$1:F88,F88) -> 1 | M88: {=IF(Tabela2[[#This Row],[TIPO]]<>"BASE - POSTO FLU",_xlfn.XLOOKUP(Tabela2[[#This Row],[SUBBACIA]],INDIRECT("'"&Tabela2[[#This Row],[MODELO]]&"'!B1:B5000"),INDIRECT("'"&Tabela2[[#This Row],[MODELO]]&"'!A1:A5000")),"")} -> 217 | N88: {=IF(Tabela2[[#This Row],[TIPO]]="BASE - POSTO FLU",OFFSET(INDIRECT("'"&Tabela2[[#This Row],[MODELO]]&"'!A1"),MATCH("Sub-bacia modelada: "&Tabela2[[#This Row],[SUBBACIA]],INDIRECT("'"&Tabela2[[#This Row],[MODELO]]&"'!A1:A5000"),0)+8,0),"")} | O88: {=IF(Tabela2[[#This Row],[TIPO]]="NÃO BASE","",INDEX(INDIRECT("'"&Tabela2[[#This Row],[MODELO]]&"'!$A$1:$A$5000"),MATCH("Precipitação verificada:",OFFSET(INDIRECT("'"&Tabela2[[#This Row],[MODELO]]&"'!$A$1"),MATCH("Sub-bacia modelada: "&Tabela2[[#This Row],[SUBBACIA MODELADA]],INDIRECT("'"&Tabela2[[#This Row],[MODELO]]&"'!$A$1:$A$5000"),0),0,25,1),0)+MATCH("Sub-bacia modelada: "&Tabela2[[#This Row],[SUBBACIA MODELADA]],INDIRECT("'"&Tabela2[[#This Row],[MODELO]]&"'!$A$1:$A$5000"),0)+3))} -> PSATMCD
A89: =IF(AND(K88>1,L88<>K88),A88,A88+1) -> 9 | B89: SMAP SUL | C89: SMP_SUL | D89: Uruguai | E89: {=IF(K89=0,F89,TRIM(OFFSET(INDIRECT("'"&B89&"'!A1"),I89+L89,1)))} -> Itá | F89: {=TRIM(SUBSTITUTE(INDEX(INDIRECT("'"&B89&"'!A1:A1000"),H89),"Sub-bacia modelada:",""))} -> Itá | G89: =IF(K89=0,"BASE - POSTO FLU",IF(OR(E89=F89,K89=1),"BASE - RESERVATÓRIO","NÃO BASE")) -> BASE - RESERVATÓRIO | H89: {=SMALL(ROW(INDIRECT("'"&B89&"'!A1:A1000"))*IF(ISNUMBER(FIND("Sub-bacia modelada:",INDIRECT("'"&B89&"'!A1:A1000"))),1,9999),RESUMO!A89)} -> 178 | I89: =MATCH("Código",INDIRECT("'"&B89&"'!A"&H89&":A"&H89+20),0)+H89-1 -> 181 | J89: =MATCH("Código",INDIRECT("'"&B89&"'!A"&I89+1&":A"&H89+20),0)+I89 -> 185 | K89: =COUNT(INDIRECT("'"&B89&"'!A"&I89&":A"&J89)) -> 1 | L89: =COUNTIF($F$1:F89,F89) -> 1 | M89: {=IF(Tabela2[[#This Row],[TIPO]]<>"BASE - POSTO FLU",_xlfn.XLOOKUP(Tabela2[[#This Row],[SUBBACIA]],INDIRECT("'"&Tabela2[[#This Row],[MODELO]]&"'!B1:B5000"),INDIRECT("'"&Tabela2[[#This Row],[MODELO]]&"'!A1:A5000")),"")} -> 92 | N89: {=IF(Tabela2[[#This Row],[TIPO]]="BASE - POSTO FLU",OFFSET(INDIRECT("'"&Tabela2[[#This Row],[MODELO]]&"'!A1"),MATCH("Sub-bacia modelada: "&Tabela2[[#This Row],[SUBBACIA]],INDIRECT("'"&Tabela2[[#This Row],[MODELO]]&"'!A1:A5000"),0)+8,0),"")} | O89: {=IF(Tabela2[[#This Row],[TIPO]]="NÃO BASE","",INDEX(INDIRECT("'"&Tabela2[[#This Row],[MODELO]]&"'!$A$1:$A$5000"),MATCH("Precipitação verificada:",OFFSET(INDIRECT("'"&Tabela2[[#This Row],[MODELO]]&"'!$A$1"),MATCH("Sub-bacia modelada: "&Tabela2[[#This Row],[SUBBACIA MODELADA]],INDIRECT("'"&Tabela2[[#This Row],[MODELO]]&"'!$A$1:$A$5000"),0),0,25,1),0)+MATCH("Sub-bacia modelada: "&Tabela2[[#This Row],[SUBBACIA MODELADA]],INDIRECT("'"&Tabela2[[#This Row],[MODELO]]&"'!$A$1:$A$5000"),0)+3))} -> PSATITA
A90: =IF(AND(K89>1,L89<>K89),A89,A89+1) -> 10 | B90: SMAP SUL | C90: SMP_SUL | D90: Uruguai | E90: {=IF(K90=0,F90,TRIM(OFFSET(INDIRECT("'"&B90&"'!A1"),I90+L90,1)))} -> Monjolinho | F90: {=TRIM(SUBSTITUTE(INDEX(INDIRECT("'"&B90&"'!A1:A1000"),H90),"Sub-bacia modelada:",""))} -> Monjolinho | G90: =IF(K90=0,"BASE - POSTO FLU",IF(OR(E90=F90,K90=1),"BASE - RESERVATÓRIO","NÃO BASE")) -> BASE - RESERVATÓRIO | H90: {=SMALL(ROW(INDIRECT("'"&B90&"'!A1:A1000"))*IF(ISNUMBER(FIND("Sub-bacia modelada:",INDIRECT("'"&B90&"'!A1:A1000"))),1,9999),RESUMO!A90)} -> 199 | I90: =MATCH("Código",INDIRECT("'"&B90&"'!A"&H90&":A"&H90+20),0)+H90-1 -> 202 | J90: =MATCH("Código",INDIRECT("'"&B90&"'!A"&I90+1&":A"&H90+20),0)+I90 -> 207 | K90: =COUNT(INDIRECT("'"&B90&"'!A"&I90&":A"&J90)) -> 2 | L90: =COUNTIF($F$1:F90,F90) -> 1 | M90: {=IF(Tabela2[[#This Row],[TIPO]]<>"BASE - POSTO FLU",_xlfn.XLOOKUP(Tabela2[[#This Row],[SUBBACIA]],INDIRECT("'"&Tabela2[[#This Row],[MODELO]]&"'!B1:B5000"),INDIRECT("'"&Tabela2[[#This Row],[MODELO]]&"'!A1:A5000")),"")} -> 220 | N90: {=IF(Tabela2[[#This Row],[TIPO]]="BASE - POSTO FLU",OFFSET(INDIRECT("'"&Tabela2[[#This Row],[MODELO]]&"'!A1"),MATCH("Sub-bacia modelada: "&Tabela2[[#This Row],[SUBBACIA]],INDIRECT("'"&Tabela2[[#This Row],[MODELO]]&"'!A1:A5000"),0)+8,0),"")} | O90: {=IF(Tabela2[[#This Row],[TIPO]]="NÃO BASE","",INDEX(INDIRECT("'"&Tabela2[[#This Row],[MODELO]]&"'!$A$1:$A$5000"),MATCH("Precipitação verificada:",OFFSET(INDIRECT("'"&Tabela2[[#This Row],[MODELO]]&"'!$A$1"),MATCH("Sub-bacia modelada: "&Tabela2[[#This Row],[SUBBACIA MODELADA]],INDIRECT("'"&Tabela2[[#This Row],[MODELO]]&"'!$A$1:$A$5000"),0),0,25,1),0)+MATCH("Sub-bacia modelada: "&Tabela2[[#This Row],[SUBBACIA MODELADA]],INDIRECT("'"&Tabela2[[#This Row],[MODELO]]&"'!$A$1:$A$5000"),0)+3))} -> PSATMOJ
A91: =IF(AND(K90>1,L90<>K90),A90,A90+1) -> 10 | B91: SMAP SUL | C91: SMP_SUL | D91: Uruguai | E91: {=IF(K91=0,F91,TRIM(OFFSET(INDIRECT("'"&B91&"'!A1"),I91+L91,1)))} -> Passo Fundo | F91: {=TRIM(SUBSTITUTE(INDEX(INDIRECT("'"&B91&"'!A1:A1000"),H91),"Sub-bacia modelada:",""))} -> Monjolinho | G91: =IF(K91=0,"BASE - POSTO FLU",IF(OR(E91=F91,K91=1),"BASE - RESERVATÓRIO","NÃO BASE")) -> NÃO BASE | H91: {=SMALL(ROW(INDIRECT("'"&B91&"'!A1:A1000"))*IF(ISNUMBER(FIND("Sub-bacia modelada:",INDIRECT("'"&B91&"'!A1:A1000"))),1,9999),RESUMO!A91)} -> 199 | I91: =MATCH("Código",INDIRECT("'"&B91&"'!A"&H91&":A"&H91+20),0)+H91-1 -> 202 | J91: =MATCH("Código",INDIRECT("'"&B91&"'!A"&I91+1&":A"&H91+20),0)+I91 -> 207 | K91: =COUNT(INDIRECT("'"&B91&"'!A"&I91&":A"&J91)) -> 2 | L91: =COUNTIF($F$1:F91,F91) -> 2 | M91: {=IF(Tabela2[[#This Row],[TIPO]]<>"BASE - POSTO FLU",_xlfn.XLOOKUP(Tabela2[[#This Row],[SUBBACIA]],INDIRECT("'"&Tabela2[[#This Row],[MODELO]]&"'!B1:B5000"),INDIRECT("'"&Tabela2[[#This Row],[MODELO]]&"'!A1:A5000")),"")} -> 93 | N91: {=IF(Tabela2[[#This Row],[TIPO]]="BASE - POSTO FLU",OFFSET(INDIRECT("'"&Tabela2[[#This Row],[MODELO]]&"'!A1"),MATCH("Sub-bacia modelada: "&Tabela2[[#This Row],[SUBBACIA]],INDIRECT("'"&Tabela2[[#This Row],[MODELO]]&"'!A1:A5000"),0)+8,0),"")} | O91: {=IF(Tabela2[[#This Row],[TIPO]]="NÃO BASE","",INDEX(INDIRECT("'"&Tabela2[[#This Row],[MODELO]]&"'!$A$1:$A$5000"),MATCH("Precipitação verificada:",OFFSET(INDIRECT("'"&Tabela2[[#This Row],[MODELO]]&"'!$A$1"),MATCH("Sub-bacia modelada: "&Tabela2[[#This Row],[SUBBACIA MODELADA]],INDIRECT("'"&Tabela2[[#This Row],[MODELO]]&"'!$A$1:$A$5000"),0),0,25,1),0)+MATCH("Sub-bacia modelada: "&Tabela2[[#This Row],[SUBBACIA MODELADA]],INDIRECT("'"&Tabela2[[#This Row],[MODELO]]&"'!$A$1:$A$5000"),0)+3))}
... A98: =IF(AND(K97>1,L97<>K97),A97,A97+1) -> 16 | B98: SMAP SUL | C98: SMP_SUL | D98: Jacuí | E98: {=IF(K98=0,F98,TRIM(OFFSET(INDIRECT("'"&B98&"'!A1"),I98+L98,1)))} -> Jacui | F98: {=TRIM(SUBSTITUTE(INDEX(INDIRECT("'"&B98&"'!A1:A1000"),H98),"Sub-bacia modelada:",""))} -> Dona Francisca | G98: =IF(K98=0,"BASE - POSTO FLU",IF(OR(E98=F98,K98=1),"BASE - RESERVATÓRIO","NÃO BASE")) -> NÃO BASE | H98: {=SMALL(ROW(INDIRECT("'"&B98&"'!A1:A1000"))*IF(ISNUMBER(FIND("Sub-bacia modelada:",INDIRECT("'"&B98&"'!A1:A1000"))),1,9999),RESUMO!A98)} -> 327 | I98: =MATCH("Código",INDIRECT("'"&B98&"'!A"&H98&":A"&H98+20),0)+H98-1 -> 330 | J98: =MATCH("Código",INDIRECT("'"&B98&"'!A"&I98+1&":A"&H98+20),0)+I98 -> 336 | K98: =COUNT(INDIRECT("'"&B98&"'!A"&I98&":A"&J98)) -> 3 | L98: =COUNTIF($F$1:F98,F98) -> 1 | M98: {=IF(Tabela2[[#This Row],[TIPO]]<>"BASE - POSTO FLU",_xlfn.XLOOKUP(Tabela2[[#This Row],[SUBBACIA]],INDIRECT("'"&Tabela2[[#This Row],[MODELO]]&"'!B1:B5000"),INDIRECT("'"&Tabela2[[#This Row],[MODELO]]&"'!A1:A5000")),"")} -> 112 | N98: {=IF(Tabela2[[#This Row],[TIPO]]="BASE - POSTO FLU",OFFSET(INDIRECT("'"&Tabela2[[#This Row],[MODELO]]&"'!A1"),MATCH("Sub-bacia modelada: "&Tabela2[[#This Row],[SUBBACIA]],INDIRECT("'"&Tabela2[[#This Row],[MODELO]]&"'!A1:A5000"),0)+8,0),"")} | O98: {=IF(Tabela2[[#This Row],[TIPO]]="NÃO BASE","",INDEX(INDIRECT("'"&Tabela2[[#This Row],[MODELO]]&"'!$A$1:$A$5000"),MATCH("Precipitação verificada:",OFFSET(INDIRECT("'"&Tabela2[[#This Row],[MODELO]]&"'!$A$1"),MATCH("Sub-bacia modelada: "&Tabela2[[#This Row],[SUBBACIA MODELADA]],INDIRECT("'"&Tabela2[[#This Row],[MODELO]]&"'!$A$1:$A$5000"),0),0,25,1),0)+MATCH("Sub-bacia modelada: "&Tabela2[[#This Row],[SUBBACIA MODELADA]],INDIRECT("'"&Tabela2[[#This Row],[MODELO]]&"'!$A$1:$A$5000"),0)+3))}
A99: =IF(AND(K98>1,L98<>K98),A98,A98+1) -> 16 | B99: SMAP SUL | C99: SMP_SUL | D99: Jacuí | E99: {=IF(K99=0,F99,TRIM(OFFSET(INDIRECT("'"&B99&"'!A1"),I99+L99,1)))} -> Itauba | F99: {=TRIM(SUBSTITUTE(INDEX(INDIRECT("'"&B99&"'!A1:A1000"),H99),"Sub-bacia modelada:",""))} -> Dona Francisca | G99: BASE - RESERVATÓRIO | H99: {=SMALL(ROW(INDIRECT("'"&B99&"'!A1:A1000"))*IF(ISNUMBER(FIND("Sub-bacia modelada:",INDIRECT("'"&B99&"'!A1:A1000"))),1,9999),RESUMO!A99)} -> 327 | I99: =MATCH("Código",INDIRECT("'"&B99&"'!A"&H99&":A"&H99+20),0)+H99-1 -> 330 | J99: =MATCH("Código",INDIRECT("'"&B99&"'!A"&I99+1&":A"&H99+20),0)+I99 -> 336 | K99: =COUNT(INDIRECT("'"&B99&"'!A"&I99&":A"&J99)) -> 3 | L99: =COUNTIF($F$1:F99,F99) -> 2 | M99: {=IF(Tabela2[[#This Row],[TIPO]]<>"BASE - POSTO FLU",_xlfn.XLOOKUP(Tabela2[[#This Row],[SUBBACIA]],INDIRECT("'"&Tabela2[[#This Row],[MODELO]]&"'!B1:B5000"),INDIRECT("'"&Tabela2[[#This Row],[MODELO]]&"'!A1:A5000")),"")} -> 113 | N99: {=IF(Tabela2[[#This Row],[TIPO]]="BASE - POSTO FLU",OFFSET(INDIRECT("'"&Tabela2[[#This Row],[MODELO]]&"'!A1"),MATCH("Sub-bacia modelada: "&Tabela2[[#This Row],[SUBBACIA]],INDIRECT("'"&Tabela2[[#This Row],[MODELO]]&"'!A1:A5000"),0)+8,0),"")} | O99: {=IF(Tabela2[[#This Row],[TIPO]]="NÃO BASE","",INDEX(INDIRECT("'"&Tabela2[[#This Row],[MODELO]]&"'!$A$1:$A$5000"),MATCH("Precipitação verificada:",OFFSET(INDIRECT("'"&Tabela2[[#This Row],[MODELO]]&"'!$A$1"),MATCH("Sub-bacia modelada: "&Tabela2[[#This Row],[SUBBACIA MODELADA]],INDIRECT("'"&Tabela2[[#This Row],[MODELO]]&"'!$A$1:$A$5000"),0),0,25,1),0)+MATCH("Sub-bacia modelada: "&Tabela2[[#This Row],[SUBBACIA MODELADA]],INDIRECT("'"&Tabela2[[#This Row],[MODELO]]&"'!$A$1:$A$5000"),0)+3))} -> PSATDFRC
A100: =IF(AND(K99>1,L99<>K99),A99,A99+1) -> 16 | B100: SMAP SUL | C100: SMP_SUL | D100: Jacuí | E100: {=IF(K100=0,F100,TRIM(OFFSET(INDIRECT("'"&B100&"'!A1"),I100+L100,1)))} -> D. Francisca | F100: {=TRIM(SUBSTITUTE(INDEX(INDIRECT("'"&B100&"'!A1:A1000"),H100),"Sub-bacia modelada:",""))} -> Dona Francisca | G100: =IF(K100=0,"BASE - POSTO FLU",IF(OR(E100=F100,K100=1),"BASE - RESERVATÓRIO","NÃO BASE")) -> NÃO BASE | H100: {=SMALL(ROW(INDIRECT("'"&B100&"'!A1:A1000"))*IF(ISNUMBER(FIND("Sub-bacia modelada:",INDIRECT("'"&B100&"'!A1:A1000"))),1,9999),RESUMO!A100)} -> 327 | I100: =MATCH("Código",INDIRECT("'"&B100&"'!A"&H100&":A"&H100+20),0)+H100-1 -> 330 | J100: =MATCH("Código",INDIRECT("'"&B100&"'!A"&I100+1&":A"&H100+20),0)+I100 -> 336 | K100: =COUNT(INDIRECT("'"&B100&"'!A"&I100&":A"&J100)) -> 3 | L100: =COUNTIF($F$1:F100,F100) -> 3 | M100: {=IF(Tabela2[[#This Row],[TIPO]]<>"BASE - POSTO FLU",_xlfn.XLOOKUP(Tabela2[[#This Row],[SUBBACIA]],INDIRECT("'"&Tabela2[[#This Row],[MODELO]]&"'!B1:B5000"),INDIRECT("'"&Tabela2[[#This Row],[MODELO]]&"'!A1:A5000")),"")} -> 114 | N100: {=IF(Tabela2[[#This Row],[TIPO]]="BASE - POSTO FLU",OFFSET(INDIRECT("'"&Tabela2[[#This Row],[MODELO]]&"'!A1"),MATCH("Sub-bacia modelada: "&Tabela2[[#This Row],[SUBBACIA]],INDIRECT("'"&Tabela2[[#This Row],[MODELO]]&"'!A1:A5000"),0)+8,0),"")} | O100: {=IF(Tabela2[[#This Row],[TIPO]]="NÃO BASE","",INDEX(INDIRECT("'"&Tabela2[[#This Row],[MODELO]]&"'!$A$1:$A$5000"),MATCH("Precipitação verificada:",OFFSET(INDIRECT("'"&Tabela2[[#This Row],[MODELO]]&"'!$A$1"),MATCH("Sub-bacia modelada: "&Tabela2[[#This Row],[SUBBACIA MODELADA]],INDIRECT("'"&Tabela2[[#This Row],[MODELO]]&"'!$A$1:$A$5000"),0),0,25,1),0)+MATCH("Sub-bacia modelada: "&Tabela2[[#This Row],[SUBBACIA MODELADA]],INDIRECT("'"&Tabela2[[#This Row],[MODELO]]&"'!$A$1:$A$5000"),0)+3))}
A101: =IF(AND(K100>1,L100<>K100),A100,A100+1) -> 17 | B101: SMAP SUL | C101: SMP_SUL | D101: Jacuí | E101: {=IF(K101=0,F101,TRIM(OFFSET(INDIRECT("'"&B101&"'!A1"),I101+L101,1)))} -> Castro Alves | F101: {=TRIM(SUBSTITUTE(INDEX(INDIRECT("'"&B101&"'!A1:A1000"),H101),"Sub-bacia modelada:",""))} -> Castro Alves | G101: =IF(K101=0,"BASE - POSTO FLU",IF(OR(E101=F101,K101=1),"BASE - RESERVATÓRIO","NÃO BASE")) -> BASE - RESERVATÓRIO | H101: {=SMALL(ROW(INDIRECT("'"&B101&"'!A1:A1000"))*IF(ISNUMBER(FIND("Sub-bacia modelada:",INDIRECT("'"&B101&"'!A1:A1000"))),1,9999),RESUMO!A101)} -> 350 | I101: =MATCH("Código",INDIRECT("'"&B101&"'!A"&H101&":A"&H101+20),0)+H101-1 -> 353 | J101: =MATCH("Código",INDIRECT("'"&B101&"'!A"&I101+1&":A"&H101+20),0)+I101 -> 357 | K101: =COUNT(INDIRECT("'"&B101&"'!A"&I101&":A"&J101)) -> 1 | L101: =COUNTIF($F$1:F101,F101) -> 1 | M101: {=IF(Tabela2[[#This Row],[TIPO]]<>"BASE - POSTO FLU",_xlfn.XLOOKUP(Tabela2[[#This Row],[SUBBACIA]],INDIRECT("'"&Tabela2[[#This Row],[MODELO]]&"'!B1:B5000"),INDIRECT("'"&Tabela2[[#This Row],[MODELO]]&"'!A1:A5000")),"")} -> 98 | N101: {=IF(Tabela2[[#This Row],[TIPO]]="BASE - POSTO FLU",OFFSET(INDIRECT("'"&Tabela2[[#This Row],[MODELO]]&"'!A1"),MATCH("Sub-bacia modelada: "&Tabela2[[#This Row],[SUBBACIA]],INDIRECT("'"&Tabela2[[#This Row],[MODELO]]&"'!A1:A5000"),0)+8,0),"")} | O101: {=IF(Tabela2[[#This Row],[TIPO]]="NÃO BASE","",INDEX(INDIRECT("'"&Tabela2[[#This Row],[MODELO]]&"'!$A$1:$A$5000"),MATCH("Precipitação verificada:",OFFSET(INDIRECT("'"&Tabela2[[#This Row],[MODELO]]&"'!$A$1"),MATCH("Sub-bacia modelada: "&Tabela2[[#This Row],[SUBBACIA MODELADA]],INDIRECT("'"&Tabela2[[#This Row],[MODELO]]&"'!$A$1:$A$5000"),0),0,25,1),0)+MATCH("Sub-bacia modelada: "&Tabela2[[#This Row],[SUBBACIA MODELADA]],INDIRECT("'"&Tabela2[[#This Row],[MODELO]]&"'!$A$1:$A$5000"),0)+3))} -> PSATCTAV
A102: =IF(AND(K101>1,L101<>K101),A101,A101+1) -> 18 | B102: SMAP SUL | C102: SMP_SUL | D102: Jacuí | E102: {=IF(K102=0,F102,TRIM(OFFSET(INDIRECT("'"&B102&"'!A1"),I102+L102,1)))} -> Monte Claro | F102: {=TRIM(SUBSTITUTE(INDEX(INDIRECT("'"&B102&"'!A1:A1000"),H102),"Sub-bacia modelada:",""))} -> 14 de Julho | G102: =IF(K102=0,"BASE - POSTO FLU",IF(OR(E102=F102,K102=1),"BASE - RESERVATÓRIO","NÃO BASE")) -> NÃO BASE | H102: {=SMALL(ROW(INDIRECT("'"&B102&"'!A1:A1000"))*IF(ISNUMBER(FIND("Sub-bacia modelada:",INDIRECT("'"&B102&"'!A1:A1000"))),1,9999),RESUMO!A102)} -> 371 | I102: =MATCH("Código",INDIRECT("'"&B102&"'!A"&H102&":A"&H102+20),0)+H102-1 -> 374 | J102: =MATCH("Código",INDIRECT("'"&B102&"'!A"&I102+1&":A"&H102+20),0)+I102 -> 379 | K102: =COUNT(INDIRECT("'"&B102&"'!A"&I102&":A"&J102)) -> 2 | L102: =COUNTIF($F$1:F102,F102) -> 1 | M102: {=IF(Tabela2[[#This Row],[TIPO]]<>"BASE - POSTO FLU",_xlfn.XLOOKUP(Tabela2[[#This Row],[SUBBACIA]],INDIRECT("'"&Tabela2[[#This Row],[MODELO]]&"'!B1:B5000"),INDIRECT("'"&Tabela2[[#This Row],[MODELO]]&"'!A1:A5000")),"")} -> 97 | N102: {=IF(Tabela2[[#This Row],[TIPO]]="BASE - POSTO FLU",OFFSET(INDIRECT("'"&Tabela2[[#This Row],[MODELO]]&"'!A1"),MATCH("Sub-bacia modelada: "&Tabela2[[#This Row],[SUBBACIA]],INDIRECT("'"&Tabela2[[#This Row],[MODELO]]&"'!A1:A5000"),0)+8,0),"")} | O102: {=IF(Tabela2[[#This Row],[TIPO]]="NÃO BASE","",INDEX(INDIRECT("'"&Tabela2[[#This Row],[MODELO]]&"'!$A$1:$A$5000"),MATCH("Precipitação verificada:",OFFSET(INDIRECT("'"&Tabela2[[#This Row],[MODELO]]&"'!$A$1"),MATCH("Sub-bacia modelada: "&Tabela2[[#This Row],[SUBBACIA MODELADA]],INDIRECT("'"&Tabela2[[#This Row],[MODELO]]&"'!$A$1:$A$5000"),0),0,25,1),0)+MATCH("Sub-bacia modelada: "&Tabela2[[#This Row],[SUBBACIA MODELADA]],INDIRECT("'"&Tabela2[[#This Row],[MODELO]]&"'!$A$1:$A$5000"),0)+3))}
A103: =IF(AND(K102>1,L102<>K102),A102,A102+1) -> 18 | B103: SMAP SUL | C103: SMP_SUL | D103: Jacuí | E103: {=IF(K103=0,F103,TRIM(OFFSET(INDIRECT("'"&B103&"'!A1"),I103+L103,1)))} -> 14 de Julho | F103: {=TRIM(SUBSTITUTE(INDEX(INDIRECT("'"&B103&"'!A1:A1000"),H103),"Sub-bacia modelada:",""))} -> 14 de Julho | G103: =IF(K103=0,"BASE - POSTO FLU",IF(OR(E103=F103,K103=1),"BASE - RESERVATÓRIO","NÃO BASE")) -> BASE - RESERVATÓRIO | H103: {=SMALL(ROW(INDIRECT("'"&B103&"'!A1:A1000"))*IF(ISNUMBER(FIND("Sub-bacia modelada:",INDIRECT("'"&B103&"'!A1:A1000"))),1,9999),RESUMO!A103)} -> 371 | I103: =MATCH("Código",INDIRECT("'"&B103&"'!A"&H103&":A"&H103+20),0)+H103-1 -> 374 | J103: =MATCH("Código",INDIRECT("'"&B103&"'!A"&I103+1&":A"&H103+20),0)+I103 -> 379 | K103: =COUNT(INDIRECT("'"&B103&"'!A"&I103&":A"&J103)) -> 2 | L103: =COUNTIF($F$1:F103,F103) -> 2 | M103: {=IF(Tabela2[[#This Row],[TIPO]]<>"BASE - POSTO FLU",_xlfn.XLOOKUP(Tabela2[[#This Row],[SUBBACIA]],INDIRECT("'"&Tabela2[[#This Row],[MODELO]]&"'!B1:B5000"),INDIRECT("'"&Tabela2[[#This Row],[MODELO]]&"'!A1:A5000")),"")} -> 284 | N103: {=IF(Tabela2[[#This Row],[TIPO]]="BASE - POSTO FLU",OFFSET(INDIRECT("'"&Tabela2[[#This Row],[MODELO]]&"'!A1"),MATCH("Sub-bacia modelada: "&Tabela2[[#This Row],[SUBBACIA]],INDIRECT("'"&Tabela2[[#This Row],[MODELO]]&"'!A1:A5000"),0)+8,0),"")} | O103: {=IF(Tabela2[[#This Row],[TIPO]]="NÃO BASE","",INDEX(INDIRECT("'"&Tabela2[[#This Row],[MODELO]]&"'!$A$1:$A$5000"),MATCH("Precipitação verificada:",OFFSET(INDIRECT("'"&Tabela2[[#This Row],[MODELO]]&"'!$A$1"),MATCH("Sub-bacia modelada: "&Tabela2[[#This Row],[SUBBACIA MODELADA]],INDIRECT("'"&Tabela2[[#This Row],[MODELO]]&"'!$A$1:$A$5000"),0),0,25,1),0)+MATCH("Sub-bacia modelada: "&Tabela2[[#This Row],[SUBBACIA MODELADA]],INDIRECT("'"&Tabela2[[#This Row],[MODELO]]&"'!$A$1:$A$5000"),0)+3))} -> PSATXIVJ
A104: =IF(AND(K103>1,L103<>K103),A103,A103+1) -> 19 | B104: SMAP SUL | C104: SMP_SUL | D104: Caí | E104: {=IF(K104=0,F104,TRIM(OFFSET(INDIRECT("'"&B104&"'!A1"),I104+L104,1)))} -> Salto RS | F104: {=TRIM(SUBSTITUTE(INDEX(INDIRECT("'"&B104&"'!A1:A1000"),H104),"Sub-bacia modelada:",""))} -> Salto RS | G104: =IF(K104=0,"BASE - POSTO FLU",IF(OR(E104=F104,K104=1),"BASE - RESERVATÓRIO","NÃO BASE")) -> BASE - RESERVATÓRIO | H104: {=SMALL(ROW(INDIRECT("'"&B104&"'!A1:A1000"))*IF(ISNUMBER(FIND("Sub-bacia modelada:",INDIRECT("'"&B104&"'!A1:A1000"))),1,9999),RESUMO!A104)} -> 393 | I104: =MATCH("Código",INDIRECT("'"&B104&"'!A"&H104&":A"&H104+20),0)+H104-1 -> 396 | J104: =MATCH("Código",INDIRECT("'"&B104&"'!A"&I104+1&":A"&H104+20),0)+I104 -> 400 | K104: =COUNT(INDIRECT("'"&B104&"'!A"&I104&":A"&J104)) -> 1 | L104: =COUNTIF($F$1:F104,F104) -> 1 | M104: {=IF(Tabela2[[#This Row],[TIPO]]<>"BASE - POSTO FLU",_xlfn.XLOOKUP(Tabela2[[#This Row],[SUBBACIA]],INDIRECT("'"&Tabela2[[#This Row],[MODELO]]&"'!B1:B5000"),INDIRECT("'"&Tabela2[[#This Row],[MODELO]]&"'!A1:A5000")),"")} -> 221 | N104: {=IF(Tabela2[[#This Row],[TIPO]]="BASE - POSTO FLU",OFFSET(INDIRECT("'"&Tabela2[[#This Row],[MODELO]]&"'!A1"),MATCH("Sub-bacia modelada: "&Tabela2[[#This Row],[SUBBACIA]],INDIRECT("'"&Tabela2[[#This Row],[MODELO]]&"'!A1:A5000"),0)+8,0),"")} | O104: {=IF(Tabela2[[#This Row],[TIPO]]="NÃO BASE","",INDEX(INDIRECT("'"&Tabela2[[#This Row],[MODELO]]&"'!$A$1:$A$5000"),MATCH("Precipitação verificada:",OFFSET(INDIRECT("'"&Tabela2[[#This Row],[MODELO]]&"'!$A$1"),MATCH("Sub-bacia modelada: "&Tabela2[[#This Row],[SUBBACIA MODELADA]],INDIRECT("'"&Tabela2[[#This Row],[MODELO]]&"'!$A$1:$A$5000"),0),0,25,1),0)+MATCH("Sub-bacia modelada: "&Tabela2[[#This Row],[SUBBACIA MODELADA]],INDIRECT("'"&Tabela2[[#This Row],[MODELO]]&"'!$A$1:$A$5000"),0)+3))} -> PSATSALT
A105: =IF(AND(K104>1,L104<>K104),A104,A104+1) -> 20 | B105: SMAP SUL | C105: SMP_SUL | D105: Capivari | E105: {=IF(K105=0,F105,TRIM(OFFSET(INDIRECT("'"&B105&"'!A1"),I105+L105,1)))} -> G.P.Souza | F105: {=TRIM(SUBSTITUTE(INDEX(INDIRECT("'"&B105&"'!A1:A1000"),H105),"Sub-bacia modelada:",""))} -> Capivari Cachoeira | G105: =IF(K105=0,"BASE - POSTO FLU",IF(OR(E105=F105,K105=1),"BASE - RESERVATÓRIO","NÃO BASE")) -> BASE - RESERVATÓRIO | H105: {=SMALL(ROW(INDIRECT("'"&B105&"'!A1:A1000"))*IF(ISNUMBER(FIND("Sub-bacia modelada:",INDIRECT("'"&B105&"'!A1:A1000"))),1,9999),RESUMO!A105)} -> 414 | I105: =MATCH("Código",INDIRECT("'"&B105&"'!A"&H105&":A"&H105+20),0)+H105-1 -> 417 | J105: =MATCH("Código",INDIRECT("'"&B105&"'!A"&I105+1&":A"&H105+20),0)+I105 -> 421 | K105: =COUNT(INDIRECT("'"&B105&"'!A"&I105&":A"&J105)) -> 1 | L105: =COUNTIF($F$1:F105,F105) -> 1 | M105: {=IF(Tabela2[[#This Row],[TIPO]]<>"BASE - POSTO FLU",_xlfn.XLOOKUP(Tabela2[[#This Row],[SUBBACIA]],INDIRECT("'"&Tabela2[[#This Row],[MODELO]]&"'!B1:B5000"),INDIRECT("'"&Tabela2[[#This Row],[MODELO]]&"'!A1:A5000")),"")} -> 115 | N105: {=IF(Tabela2[[#This Row],[TIPO]]="BASE - POSTO FLU",OFFSET(INDIRECT("'"&Tabela2[[#This Row],[MODELO]]&"'!A1"),MATCH("Sub-bacia modelada: "&Tabela2[[#This Row],[SUBBACIA]],INDIRECT("'"&Tabela2[[#This Row],[MODELO]]&"'!A1:A5000"),0)+8,0),"")} | O105: {=IF(Tabela2[[#This Row],[TIPO]]="NÃO BASE","",INDEX(INDIRECT("'"&Tabela2[[#This Row],[MODELO]]&"'!$A$1:$A$5000"),MATCH("Precipitação verificada:",OFFSET(INDIRECT("'"&Tabela2[[#This Row],[MODELO]]&"'!$A$1"),MATCH("Sub-bacia modelada: "&Tabela2[[#This Row],[SUBBACIA MODELADA]],INDIRECT("'"&Tabela2[[#This Row],[MODELO]]&"'!$A$1:$A$5000"),0),0,25,1),0)+MATCH("Sub-bacia modelada: "&Tabela2[[#This Row],[SUBBACIA MODELADA]],INDIRECT("'"&Tabela2[[#This Row],[MODELO]]&"'!$A$1:$A$5000"),0)+3))} -> PSATCVCH
A106: =IF(AND(K105>1,L105<>K105),A105,A105+1) -> 21 | B106: SMAP SUL | C106: SMP_SUL | D106: Itajaí-Açu | E106: {=IF(K106=0,F106,TRIM(OFFSET(INDIRECT("'"&B106&"'!A1"),I106+L106,1)))} -> Salto Pilão | F106: {=TRIM(SUBSTITUTE(INDEX(INDIRECT("'"&B106&"'!A1:A1000"),H106),"Sub-bacia modelada:",""))} -> Salto Pilão | G106: =IF(K106=0,"BASE - POSTO FLU",IF(OR(E106=F106,K106=1),"BASE - RESERVATÓRIO","NÃO BASE")) -> BASE - RESERVATÓRIO | H106: {=SMALL(ROW(INDIRECT("'"&B106&"'!A1:A1000"))*IF(ISNUMBER(FIND("Sub-bacia modelada:",INDIRECT("'"&B106&"'!A1:A1000"))),1,9999),RESUMO!A106)} -> 435 | I106: =MATCH("Código",INDIRECT("'"&B106&"'!A"&H106&":A"&H106+20),0)+H106-1 -> 438 | J106: =MATCH("Código",INDIRECT("'"&B106&"'!A"&I106+1&":A"&H106+20),0)+I106 -> 442 | K106: =COUNT(INDIRECT("'"&B106&"'!A"&I106&":A"&J106)) -> 1 | L106: =COUNTIF($F$1:F106,F106) -> 1 | M106: {=IF(Tabela2[[#This Row],[TIPO]]<>"BASE - POSTO FLU",_xlfn.XLOOKUP(Tabela2[[#This Row],[SUBBACIA]],INDIRECT("'"&Tabela2[[#This Row],[MODELO]]&"'!B1:B5000"),INDIRECT("'"&Tabela2[[#This Row],[MODELO]]&"'!A1:A5000")),"")} -> 101 | N106: {=IF(Tabela2[[#This Row],[TIPO]]="BASE - POSTO FLU",OFFSET(INDIRECT("'"&Tabela2[[#This Row],[MODELO]]&"'!A1"),MATCH("Sub-bacia modelada: "&Tabela2[[#This Row],[SUBBACIA]],INDIRECT("'"&Tabela2[[#This Row],[MODELO]]&"'!A1:A5000"),0)+8,0),"")} | O106: {=IF(Tabela2[[#This Row],[TIPO]]="NÃO BASE","",INDEX(INDIRECT("'"&Tabela2[[#This Row],[MODELO]]&"'!$A$1:$A$5000"),MATCH("Precipitação verificada:",OFFSET(INDIRECT("'"&Tabela2[[#This Row],[MODELO]]&"'!$A$1"),MATCH("Sub-bacia modelada: "&Tabela2[[#This Row],[SUBBACIA MODELADA]],INDIRECT("'"&Tabela2[[#This Row],[MODELO]]&"'!$A$1:$A$5000"),0),0,25,1),0)+MATCH("Sub-bacia modelada: "&Tabela2[[#This Row],[SUBBACIA MODELADA]],INDIRECT("'"&Tabela2[[#This Row],[MODELO]]&"'!$A$1:$A$5000"),0)+3))} -> PSATSTPL
A107: 1 | B107: SMAP NE | C107: SMP_NE | D107: São Francisco | E107: {=IF(K107=0,F107,TRIM(OFFSET(INDIRECT("'"&B107&"'!A1"),I107+L107,1)))} -> Retiro Baixo | F107: {=TRIM(SUBSTITUTE(INDEX(INDIRECT("'"&B107&"'!A1:A1000"),H107),"Sub-bacia modelada:",""))} -> Retiro Baixo | G107: =IF(K107=0,"BASE - POSTO FLU",IF(OR(E107=F107,K107=1),"BASE - RESERVATÓRIO","NÃO BASE")) -> BASE - RESERVATÓRIO | H107: {=SMALL(ROW(INDIRECT("'"&B107&"'!A1:A1000"))*IF(ISNUMBER(FIND("Sub-bacia modelada:",INDIRECT("'"&B107&"'!A1:A1000"))),1,9999),RESUMO!A107)} -> 2 | I107: =MATCH("Código",INDIRECT("'"&B107&"'!A"&H107&":A"&H107+20),0)+H107-1 -> 5 | J107: =MATCH("Código",INDIRECT("'"&B107&"'!A"&I107+1&":A"&H107+20),0)+I107 -> 9 | K107: =COUNT(INDIRECT("'"&B107&"'!A"&I107&":A"&J107)) -> 1 | L107: =COUNTIF($F$1:F107,F107) -> 1 | M107: {=IF(Tabela2[[#This Row],[TIPO]]<>"BASE - POSTO FLU",_xlfn.XLOOKUP(Tabela2[[#This Row],[SUBBACIA]],INDIRECT("'"&Tabela2[[#This Row],[MODELO]]&"'!B1:B5000"),INDIRECT("'"&Tabela2[[#This Row],[MODELO]]&"'!A1:A5000")),"")} -> 155 | N107: {=IF(Tabela2[[#This Row],[TIPO]]="BASE - POSTO FLU",OFFSET(INDIRECT("'"&Tabela2[[#This Row],[MODELO]]&"'!A1"),MATCH("Sub-bacia modelada: "&Tabela2[[#This Row],[SUBBACIA]],INDIRECT("'"&Tabela2[[#This Row],[MODELO]]&"'!A1:A5000"),0)+8,0),"")} | O107: {=IF(Tabela2[[#This Row],[TIPO]]="NÃO BASE","",INDEX(INDIRECT("'"&Tabela2[[#This Row],[MODELO]]&"'!$A$1:$A$5000"),MATCH("Precipitação verificada:",OFFSET(INDIRECT("'"&Tabela2[[#This Row],[MODELO]]&"'!$A$1"),MATCH("Sub-bacia modelada: "&Tabela2[[#This Row],[SUBBACIA MODELADA]],INDIRECT("'"&Tabela2[[#This Row],[MODELO]]&"'!$A$1:$A$5000"),0),0,25,1),0)+MATCH("Sub-bacia modelada: "&Tabela2[[#This Row],[SUBBACIA MODELADA]],INDIRECT("'"&Tabela2[[#This Row],[MODELO]]&"'!$A$1:$A$5000"),0)+3))} -> PSATRBX
A108: =IF(AND(K107>1,L107<>K107),A107,A107+1) -> 2 | B108: SMAP NE | C108: SMP_NE | D108: São Francisco | E108: {=IF(K108=0,F108,TRIM(OFFSET(INDIRECT("'"&B108&"'!A1"),I108+L108,1)))} -> Três Marias | F108: {=TRIM(SUBSTITUTE(INDEX(INDIRECT("'"&B108&"'!A1:A1000"),H108),"Sub-bacia modelada:",""))} -> Três Marias | G108: =IF(K108=0,"BASE - POSTO FLU",IF(OR(E108=F108,K108=1),"BASE - RESERVATÓRIO","NÃO BASE")) -> BASE - RESERVATÓRIO | H108: {=SMALL(ROW(INDIRECT("'"&B108&"'!A1:A1000"))*IF(ISNUMBER(FIND("Sub-bacia modelada:",INDIRECT("'"&B108&"'!A1:A1000"))),1,9999),RESUMO!A108)} -> 23 | I108: =MATCH("Código",INDIRECT("'"&B108&"'!A"&H108&":A"&H108+20),0)+H108-1 -> 26 | J108: =MATCH("Código",INDIRECT("'"&B108&"'!A"&I108+1&":A"&H108+20),0)+I108 -> 30 | K108: =COUNT(INDIRECT("'"&B108&"'!A"&I108&":A"&J108)) -> 1 | L108: =COUNTIF($F$1:F108,F108) -> 1 | M108: {=IF(Tabela2[[#This Row],[TIPO]]<>"BASE - POSTO FLU",_xlfn.XLOOKUP(Tabela2[[#This Row],[SUBBACIA]],INDIRECT("'"&Tabela2[[#This Row],[MODELO]]&"'!B1:B5000"),INDIRECT("'"&Tabela2[[#This Row],[MODELO]]&"'!A1:A5000")),"")} -> 156 | N108: {=IF(Tabela2[[#This Row],[TIPO]]="BASE - POSTO FLU",OFFSET(INDIRECT("'"&Tabela2[[#This Row],[MODELO]]&"'!A1"),MATCH("Sub-bacia modelada: "&Tabela2[[#This Row],[SUBBACIA]],INDIRECT("'"&Tabela2[[#This Row],[MODELO]]&"'!A1:A5000"),0)+8,0),"")} | O108: {=IF(Tabela2[[#This Row],[TIPO]]="NÃO BASE","",INDEX(INDIRECT("'"&Tabela2[[#This Row],[MODELO]]&"'!$A$1:$A$5000"),MATCH("Precipitação verificada:",OFFSET(INDIRECT("'"&Tabela2[[#This Row],[MODELO]]&"'!$A$1"),MATCH("Sub-bacia modelada: "&Tabela2[[#This Row],[SUBBACIA MODELADA]],INDIRECT("'"&Tabela2[[#This Row],[MODELO]]&"'!$A$1:$A$5000"),0),0,25,1),0)+MATCH("Sub-bacia modelada: "&Tabela2[[#This Row],[SUBBACIA MODELADA]],INDIRECT("'"&Tabela2[[#This Row],[MODELO]]&"'!$A$1:$A$5000"),0)+3))} -> PSATTMR
A109: =IF(AND(K108>1,L108<>K108),A108,A108+1) -> 3 | B109: SMAP NE | C109: SMP_NE | D109: São Francisco | E109: {=IF(K109=0,F109,TRIM(OFFSET(INDIRECT("'"&B109&"'!A1"),I109+L109,1)))} -> Queimado | F109: {=TRIM(SUBSTITUTE(INDEX(INDIRECT("'"&B109&"'!A1:A1000"),H109),"Sub-bacia modelada:",""))} -> Queimado | G109: =IF(K109=0,"BASE - POSTO FLU",IF(OR(E109=F109,K109=1),"BASE - RESERVATÓRIO","NÃO BASE")) -> BASE - RESERVATÓRIO | H109: {=SMALL(ROW(INDIRECT("'"&B109&"'!A1:A1000"))*IF(ISNUMBER(FIND("Sub-bacia modelada:",INDIRECT("'"&B109&"'!A1:A1000"))),1,9999),RESUMO!A109)} -> 43 | I109: =MATCH("Código",INDIRECT("'"&B109&"'!A"&H109&":A"&H109+20),0)+H109-1 -> 46 | J109: =MATCH("Código",INDIRECT("'"&B109&"'!A"&I109+1&":A"&H109+20),0)+I109 -> 50 | K109: =COUNT(INDIRECT("'"&B109&"'!A"&I109&":A"&J109)) -> 1 | L109: =COUNTIF($F$1:F109,F109) -> 1 | M109: {=IF(Tabela2[[#This Row],[TIPO]]<>"BASE - POSTO FLU",_xlfn.XLOOKUP(Tabela2[[#This Row],[SUBBACIA]],INDIRECT("'"&Tabela2[[#This Row],[MODELO]]&"'!B1:B5000"),INDIRECT("'"&Tabela2[[#This Row],[MODELO]]&"'!A1:A5000")),"")} -> 158 | N109: {=IF(Tabela2[[#This Row],[TIPO]]="BASE - POSTO FLU",OFFSET(INDIRECT("'"&Tabela2[[#This Row],[MODELO]]&"'!A1"),MATCH("Sub-bacia modelada: "&Tabela2[[#This Row],[SUBBACIA]],INDIRECT("'"&Tabela2[[#This Row],[MODELO]]&"'!A1:A5000"),0)+8,0),"")} | O109: {=IF(Tabela2[[#This Row],[TIPO]]="NÃO BASE","",INDEX(INDIRECT("'"&Tabela2[[#This Row],[MODELO]]&"'!$A$1:$A$5000"),MATCH("Precipitação verificada:",OFFSET(INDIRECT("'"&Tabela2[[#This Row],[MODELO]]&"'!$A$1"),MATCH("Sub-bacia modelada: "&Tabela2[[#This Row],[SUBBACIA MODELADA]],INDIRECT("'"&Tabela2[[#This Row],[MODELO]]&"'!$A$1:$A$5000"),0),0,25,1),0)+MATCH("Sub-bacia modelada: "&Tabela2[[#This Row],[SUBBACIA MODELADA]],INDIRECT("'"&Tabela2[[#This Row],[MODELO]]&"'!$A$1:$A$5000"),0)+3))} -> PSATQMD
A110: =IF(AND(K109>1,L109<>K109),A109,A109+1) -> 4 | B110: SMAP NE | C110: SMP_NE | D110: São Francisco | E110: {=IF(K110=0,F110,TRIM(OFFSET(INDIRECT("'"&B110&"'!A1"),I110+L110,1)))} -> São Romão | F110: {=TRIM(SUBSTITUTE(INDEX(INDIRECT("'"&B110&"'!A1:A1000"),H110),"Sub-bacia modelada:",""))} -> São Romão | G110: =IF(K110=0,"BASE - POSTO FLU",IF(OR(E110=F110,K110=1),"BASE - RESERVATÓRIO","NÃO BASE")) -> BASE - POSTO FLU | H110: {=SMALL(ROW(INDIRECT("'"&B110&"'!A1:A1000"))*IF(ISNUMBER(FIND("Sub-bacia modelada:",INDIRECT("'"&B110&"'!A1:A1000"))),1,9999),RESUMO!A110)} -> 63 | I110: =MATCH("Código",INDIRECT("'"&B110&"'!A"&H110&":A"&H110+20),0)+H110-1 -> 66 | J110: =MATCH("Código",INDIRECT("'"&B110&"'!A"&I110+1&":A"&H110+20),0)+I110 -> 70 | K110: =COUNT(INDIRECT("'"&B110&"'!A"&I110&":A"&J110)) -> 0 | L110: =COUNTIF($F$1:F110,F110) -> 1 | M110: {=IF(Tabela2[[#This Row],[TIPO]]<>"BASE - POSTO FLU",_xlfn.XLOOKUP(Tabela2[[#This Row],[SUBBACIA]],INDIRECT("'"&Tabela2[[#This Row],[MODELO]]&"'!B1:B5000"),INDIRECT("'"&Tabela2[[#This Row],[MODELO]]&"'!A1:A5000")),"")} | N110: {=IF(Tabela2[[#This Row],[TIPO]]="BASE - POSTO FLU",OFFSET(INDIRECT("'"&Tabela2[[#This Row],[MODELO]]&"'!A1"),MATCH("Sub-bacia modelada: "&Tabela2[[#This Row],[SUBBACIA]],INDIRECT("'"&Tabela2[[#This Row],[MODELO]]&"'!A1:A5000"),0)+8,0),"")} -> 43200000 | O110: {=IF(Tabela2[[#This Row],[TIPO]]="NÃO BASE","",INDEX(INDIRECT("'"&Tabela2[[#This Row],[MODELO]]&"'!$A$1:$A$5000"),MATCH("Precipitação verificada:",OFFSET(INDIRECT("'"&Tabela2[[#This Row],[MODELO]]&"'!$A$1"),MATCH("Sub-bacia modelada: "&Tabela2[[#This Row],[SUBBACIA MODELADA]],INDIRECT("'"&Tabela2[[#This Row],[MODELO]]&"'!$A$1:$A$5000"),0),0,25,1),0)+MATCH("Sub-bacia modelada: "&Tabela2[[#This Row],[SUBBACIA MODELADA]],INDIRECT("'"&Tabela2[[#This Row],[MODELO]]&"'!$A$1:$A$5000"),0)+3))} -> PSATSRM
A111: =IF(AND(K110>1,L110<>K110),A110,A110+1) -> 5 | B111: SMAP NE | C111: SMP_NE | D111: São Francisco | E111: {=IF(K111=0,F111,TRIM(OFFSET(INDIRECT("'"&B111&"'!A1"),I111+L111,1)))} -> São Francisco | F111: {=TRIM(SUBSTITUTE(INDEX(INDIRECT("'"&B111&"'!A1:A1000"),H111),"Sub-bacia modelada:",""))} -> São Francisco | G111: =IF(K111=0,"BASE - POSTO FLU",IF(OR(E111=F111,K111=1),"BASE - RESERVATÓRIO","NÃO BASE")) -> BASE - POSTO FLU | H111: {=SMALL(ROW(INDIRECT("'"&B111&"'!A1:A1000"))*IF(ISNUMBER(FIND("Sub-bacia modelada:",INDIRECT("'"&B111&"'!A1:A1000"))),1,9999),RESUMO!A111)} -> 83 | I111: =MATCH("Código",INDIRECT("'"&B111&"'!A"&H111&":A"&H111+20),0)+H111-1 -> 86 | J111: =MATCH("Código",INDIRECT("'"&B111&"'!A"&I111+1&":A"&H111+20),0)+I111 -> 90 | K111: =COUNT(INDIRECT("'"&B111&"'!A"&I111&":A"&J111)) -> 0 | L111: =COUNTIF($F$1:F111,F111) -> 1 | M111: {=IF(Tabela2[[#This Row],[TIPO]]<>"BASE - POSTO FLU",_xlfn.XLOOKUP(Tabela2[[#This Row],[SUBBACIA]],INDIRECT("'"&Tabela2[[#This Row],[MODELO]]&"'!B1:B5000"),INDIRECT("'"&Tabela2[[#This Row],[MODELO]]&"'!A1:A5000")),"")} | N111: {=IF(Tabela2[[#This Row],[TIPO]]="BASE - POSTO FLU",OFFSET(INDIRECT("'"&Tabela2[[#This Row],[MODELO]]&"'!A1"),MATCH("Sub-bacia modelada: "&Tabela2[[#This Row],[SUBBACIA]],INDIRECT("'"&Tabela2[[#This Row],[MODELO]]&"'!A1:A5000"),0)+8,0),"")} -> 44200000 | O111: {=IF(Tabela2[[#This Row],[TIPO]]="NÃO BASE","",INDEX(INDIRECT("'"&Tabela2[[#This Row],[MODELO]]&"'!$A$1:$A$5000"),MATCH("Precipitação verificada:",OFFSET(INDIRECT("'"&Tabela2[[#This Row],[MODELO]]&"'!$A$1"),MATCH("Sub-bacia modelada: "&Tabela2[[#This Row],[SUBBACIA MODELADA]],INDIRECT("'"&Tabela2[[#This Row],[MODELO]]&"'!$A$1:$A$5000"),0),0,25,1),0)+MATCH("Sub-bacia modelada: "&Tabela2[[#This Row],[SUBBACIA MODELADA]],INDIRECT("'"&Tabela2[[#This Row],[MODELO]]&"'!$A$1:$A$5000"),0)+3))} -> PSATSFR
A112: =IF(AND(K111>1,L111<>K111),A111,A111+1) -> 6 | B112: SMAP NE | C112: SMP_NE | D112: São Francisco | E112: {=IF(K112=0,F112,TRIM(OFFSET(INDIRECT("'"&B112&"'!A1"),I112+L112,1)))} -> Boqueirão | F112: {=TRIM(SUBSTITUTE(INDEX(INDIRECT("'"&B112&"'!A1:A1000"),H112),"Sub-bacia modelada:",""))} -> Boqueirão | G112: =IF(K112=0,"BASE - POSTO FLU",IF(OR(E112=F112,K112=1),"BASE - RESERVATÓRIO","NÃO BASE")) -> BASE - POSTO FLU | H112: {=SMALL(ROW(INDIRECT("'"&B112&"'!A1:A1000"))*IF(ISNUMBER(FIND("Sub-bacia modelada:",INDIRECT("'"&B112&"'!A1:A1000"))),1,9999),RESUMO!A112)} -> 103 | I112: =MATCH("Código",INDIRECT("'"&B112&"'!A"&H112&":A"&H112+20),0)+H112-1 -> 106 | J112: =MATCH("Código",INDIRECT("'"&B112&"'!A"&I112+1&":A"&H112+20),0)+I112 -> 110 | K112: =COUNT(INDIRECT("'"&B112&"'!A"&I112&":A"&J112)) -> 0 | L112: =COUNTIF($F$1:F112,F112) -> 1 | M112: {=IF(Tabela2[[#This Row],[TIPO]]<>"BASE - POSTO FLU",_xlfn.XLOOKUP(Tabela2[[#This Row],[SUBBACIA]],INDIRECT("'"&Tabela2[[#This Row],[MODELO]]&"'!B1:B5000"),INDIRECT("'"&Tabela2[[#This Row],[MODELO]]&"'!A1:A5000")),"")} | N112: {=IF(Tabela2[[#This Row],[TIPO]]="BASE - POSTO FLU",OFFSET(INDIRECT("'"&Tabela2[[#This Row],[MODELO]]&"'!A1"),MATCH("Sub-bacia modelada: "&Tabela2[[#This Row],[SUBBACIA]],INDIRECT("'"&Tabela2[[#This Row],[MODELO]]&"'!A1:A5000"),0)+8,0),"")} -> 46902000 | O112: {=IF(Tabela2[[#This Row],[TIPO]]="NÃO BASE","",INDEX(INDIRECT("'"&Tabela2[[#This Row],[MODELO]]&"'!$A$1:$A$5000"),MATCH("Precipitação verificada:",OFFSET(INDIRECT("'"&Tabela2[[#This Row],[MODELO]]&"'!$A$1"),MATCH("Sub-bacia modelada: "&Tabela2[[#This Row],[SUBBACIA MODELADA]],INDIRECT("'"&Tabela2[[#This Row],[MODELO]]&"'!$A$1:$A$5000"),0),0,25,1),0)+MATCH("Sub-bacia modelada: "&Tabela2[[#This Row],[SUBBACIA MODELADA]],INDIRECT("'"&Tabela2[[#This Row],[MODELO]]&"'!$A$1:$A$5000"),0)+3))} -> PSATBOQ
A113: =IF(AND(K112>1,L112<>K112),A112,A112+1) -> 7 | B113: SMAP NE | C113: SMP_NE | D113: Jequitinhonha | E113: {=IF(K113=0,F113,TRIM(OFFSET(INDIRECT("'"&B113&"'!A1"),I113+L113,1)))} -> Irapé | F113: {=TRIM(SUBSTITUTE(INDEX(INDIRECT("'"&B113&"'!A1:A1000"),H113),"Sub-bacia modelada:",""))} -> Irapé | G113: =IF(K113=0,"BASE - POSTO FLU",IF(OR(E113=F113,K113=1),"BASE - RESERVATÓRIO","NÃO BASE")) -> BASE - RESERVATÓRIO | H113: {=SMALL(ROW(INDIRECT("'"&B113&"'!A1:A1000"))*IF(ISNUMBER(FIND("Sub-bacia modelada:",INDIRECT("'"&B113&"'!A1:A1000"))),1,9999),RESUMO!A113)} -> 124 | I113: =MATCH("Código",INDIRECT("'"&B113&"'!A"&H113&":A"&H113+20),0)+H113-1 -> 127 | J113: =MATCH("Código",INDIRECT("'"&B113&"'!A"&I113+1&":A"&H113+20),0)+I113 -> 131 | K113: =COUNT(INDIRECT("'"&B113&"'!A"&I113&":A"&J113)) -> 1 | L113: =COUNTIF($F$1:F113,F113) -> 1 | M113: {=IF(Tabela2[[#This Row],[TIPO]]<>"BASE - POSTO FLU",_xlfn.XLOOKUP(Tabela2[[#This Row],[SUBBACIA]],INDIRECT("'"&Tabela2[[#This Row],[MODELO]]&"'!B1:B5000"),INDIRECT("'"&Tabela2[[#This Row],[MODELO]]&"'!A1:A5000")),"")} -> 255 | N113: {=IF(Tabela2[[#This Row],[TIPO]]="BASE - POSTO FLU",OFFSET(INDIRECT("'"&Tabela2[[#This Row],[MODELO]]&"'!A1"),MATCH("Sub-bacia modelada: "&Tabela2[[#This Row],[SUBBACIA]],INDIRECT("'"&Tabela2[[#This Row],[MODELO]]&"'!A1:A5000"),0)+8,0),"")} | O113: {=IF(Tabela2[[#This Row],[TIPO]]="NÃO BASE","",INDEX(INDIRECT("'"&Tabela2[[#This Row],[MODELO]]&"'!$A$1:$A$5000"),MATCH("Precipitação verificada:",OFFSET(INDIRECT("'"&Tabela2[[#This Row],[MODELO]]&"'!$A$1"),MATCH("Sub-bacia modelada: "&Tabela2[[#This Row],[SUBBACIA MODELADA]],INDIRECT("'"&Tabela2[[#This Row],[MODELO]]&"'!$A$1:$A$5000"),0),0,25,1),0)+MATCH("Sub-bacia modelada: "&Tabela2[[#This Row],[SUBBACIA MODELADA]],INDIRECT("'"&Tabela2[[#This Row],[MODELO]]&"'!$A$1:$A$5000"),0)+3))} -> PSATIRAP
A114: =IF(AND(K113>1,L113<>K113),A113,A113+1) -> 8 | B114: SMAP NE | C114: SMP_NE | D114: Jequitinhonha | E114: {=IF(K114=0,F114,TRIM(OFFSET(INDIRECT("'"&B114&"'!A1"),I114+L114,1)))} -> Itapebi | F114: {=TRIM(SUBSTITUTE(INDEX(INDIRECT("'"&B114&"'!A1:A1000"),H114),"Sub-bacia modelada:",""))} -> Itapebi | G114: =IF(K114=0,"BASE - POSTO FLU",IF(OR(E114=F114,K114=1),"BASE - RESERVATÓRIO","NÃO BASE")) -> BASE - RESERVATÓRIO | H114: {=SMALL(ROW(INDIRECT("'"&B114&"'!A1:A1000"))*IF(ISNUMBER(FIND("Sub-bacia modelada:",INDIRECT("'"&B114&"'!A1:A1000"))),1,9999),RESUMO!A114)} -> 145 | I114: =MATCH("Código",INDIRECT("'"&B114&"'!A"&H114&":A"&H114+20),0)+H114-1 -> 148 | J114: =MATCH("Código",INDIRECT("'"&B114&"'!A"&I114+1&":A"&H114+20),0)+I114 -> 152 | K114: =COUNT(INDIRECT("'"&B114&"'!A"&I114&":A"&J114)) -> 1 | L114: =COUNTIF($F$1:F114,F114) -> 1 | M114: {=IF(Tabela2[[#This Row],[TIPO]]<>"BASE - POSTO FLU",_xlfn.XLOOKUP(Tabela2[[#This Row],[SUBBACIA]],INDIRECT("'"&Tabela2[[#This Row],[MODELO]]&"'!B1:B5000"),INDIRECT("'"&Tabela2[[#This Row],[MODELO]]&"'!A1:A5000")),"")} -> 188 | N114: {=IF(Tabela2[[#This Row],[TIPO]]="BASE - POSTO FLU",OFFSET(INDIRECT("'"&Tabela2[[#This Row],[MODELO]]&"'!A1"),MATCH("Sub-bacia modelada: "&Tabela2[[#This Row],[SUBBACIA]],INDIRECT("'"&Tabela2[[#This Row],[MODELO]]&"'!A1:A5000"),0)+8,0),"")} | O114: {=IF(Tabela2[[#This Row],[TIPO]]="NÃO BASE","",INDEX(INDIRECT("'"&Tabela2[[#This Row],[MODELO]]&"'!$A$1:$A$5000"),MATCH("Precipitação verificada:",OFFSET(INDIRECT("'"&Tabela2[[#This Row],[MODELO]]&"'!$A$1"),MATCH("Sub-bacia modelada: "&Tabela2[[#This Row],[SUBBACIA MODELADA]],INDIRECT("'"&Tabela2[[#This Row],[MODELO]]&"'!$A$1:$A$5000"),0),0,25,1),0)+MATCH("Sub-bacia modelada: "&Tabela2[[#This Row],[SUBBACIA MODELADA]],INDIRECT("'"&Tabela2[[#This Row],[MODELO]]&"'!$A$1:$A$5000"),0)+3))} -> PSATITBI
A115: =IF(AND(K114>1,L114<>K114),A114,A114+1) -> 9 | B115: SMAP NE | C115: SMP_NE | D115: Parnaíba | E115: {=IF(K115=0,F115,TRIM(OFFSET(INDIRECT("'"&B115&"'!A1"),I115+L115,1)))} -> Boa Esperança | F115: {=TRIM(SUBSTITUTE(INDEX(INDIRECT("'"&B115&"'!A1:A1000"),H115),"Sub-bacia modelada:",""))} -> Boa Esperança | G115: =IF(K115=0,"BASE - POSTO FLU",IF(OR(E115=F115,K115=1),"BASE - RESERVATÓRIO","NÃO BASE")) -> BASE - RESERVATÓRIO | H115: {=SMALL(ROW(INDIRECT("'"&B115&"'!A1:A1000"))*IF(ISNUMBER(FIND("Sub-bacia modelada:",INDIRECT("'"&B115&"'!A1:A1000"))),1,9999),RESUMO!A115)} -> 166 | I115: =MATCH("Código",INDIRECT("'"&B115&"'!A"&H115&":A"&H115+20),0)+H115-1 -> 169 | J115: =MATCH("Código",INDIRECT("'"&B115&"'!A"&I115+1&":A"&H115+20),0)+I115 -> 173 | K115: =COUNT(INDIRECT("'"&B115&"'!A"&I115&":A"&J115)) -> 1 | L115: =COUNTIF($F$1:F115,F115) -> 1 | M115: {=IF(Tabela2[[#This Row],[TIPO]]<>"BASE - POSTO FLU",_xlfn.XLOOKUP(Tabela2[[#This Row],[SUBBACIA]],INDIRECT("'"&Tabela2[[#This Row],[MODELO]]&"'!B1:B5000"),INDIRECT("'"&Tabela2[[#This Row],[MODELO]]&"'!A1:A5000")),"")} -> 190 | N115: {=IF(Tabela2[[#This Row],[TIPO]]="BASE - POSTO FLU",OFFSET(INDIRECT("'"&Tabela2[[#This Row],[MODELO]]&"'!A1"),MATCH("Sub-bacia modelada: "&Tabela2[[#This Row],[SUBBACIA]],INDIRECT("'"&Tabela2[[#This Row],[MODELO]]&"'!A1:A5000"),0)+8,0),"")} | O115: {=IF(Tabela2[[#This Row],[TIPO]]="NÃO BASE","",INDEX(INDIRECT("'"&Tabela2[[#This Row],[MODELO]]&"'!$A$1:$A$5000"),MATCH("Precipitação verificada:",OFFSET(INDIRECT("'"&Tabela2[[#This Row],[MODELO]]&"'!$A$1"),MATCH("Sub-bacia modelada: "&Tabela2[[#This Row],[SUBBACIA MODELADA]],INDIRECT("'"&Tabela2[[#This Row],[MODELO]]&"'!$A$1:$A$5000"),0),0,25,1),0)+MATCH("Sub-bacia modelada: "&Tabela2[[#This Row],[SUBBACIA MODELADA]],INDIRECT("'"&Tabela2[[#This Row],[MODELO]]&"'!$A$1:$A$5000"),0)+3))} -> PSATUBE
...

Sheet SMAP GRANDE E PARANAIBA
A1: Sub-bacia modelada: Camargos
A3: Reservatórios contidos:
A4: Código | B4: Nome | C4: Fatores de distribuição
C5: Jan | D5: Fev | E5: Mar | F5: Abr | G5: Mai | H5: Jun | I5: Jul | J5: Ago | K5: Set | L5: Out | M5: Nov | N5: Dez
A6: 1 | B6: Camargos | C6: 1 | D6: 1 | E6: 1 | F6: 1 | G6: 1 | H6: 1 | I6: 1 | J6: 1 | K6: 1 | L6: 1 | M6: 1 | N6: 1
A7: 2 | B7: Itutinga | C7: 0 | D7: 0 | E7: 0 | F7: 0 | G7: 0 | H7: 0 | I7: 0 | J7: 0 | K7: 0 | L7: 0 | M7: 0 | N7: 0
A9: Código | B9: Nome | C9: Coeficientes de evapotranspiração (mm/dia)
C10: Jan | D10: Fev | E10: Mar | F10: Abr | G10: Mai | H10: Jun | I10: Jul | J10: Ago | K10: Set | L10: Out | M10: Nov | N10: Dez
A11: 2 | B11: Itutinga | C11: 4.94 | D11: 5.18 | E11: 4.61 | F11: 3.83 | G11: 3.23 | H11: 2.9 | I11: 3.35 | J11: 4.35 | K11: 4.57 | L11: 4.81 | M11: 4.87 | N11: 4.65
A13: Precipitação verificada:
A14: Código | B14: Nome | C14: Lat | D14: Lon | E14: Estação que a representa:
E15: Código | F15: Nome | G15: Lat | H15: Lon
A16: PSATCMG | B16: Camargos | C16: -21.28 | D16: -44.63
A18: Postos fluviométricos associados:
A19: Código | B19: Nome | C19: Nome do reservatório associado | G19: Tempo de viagem (h)
A23: Sub-bacia modelada: Funil-MG
A25: Reservatórios contidos:
A26: Código | B26: Nome | C26: Fatores de distribuição
C27: Jan | D27: Fev | E27: Mar | F27: Abr | G27: Mai | H27: Jun | I27: Jul | J27: Ago | K27: Set | L27: Out | M27: Nov | N27: Dez
A28: 211 | B28: Funil-MG
A30: Código | B30: Nome | C30: Coeficientes de evapotranspiração (mm/dia)
C31: Jan | D31: Fev | E31: Mar | F31: Abr | G31: Mai | H31: Jun | I31: Jul | J31: Ago | K31: Set | L31: Out | M31: Nov | N31: Dez
A32: 211 | B32: Funil-MG | C32: 5.03 | D32: 5.21 | E32: 4.68 | F32: 4.03 | G32: 3.26 | H32: 2.97 | I32: 3.39 | J32: 4.39 | K32: 4.83 | L32: 5.03 | M32: 5.03 | N32: 4.68
A34: Precipitação verificada:
A35: Código | B35: Nome | C35: Lat | D35: Lon | E35: Estação que a representa:
E36: Código | F36: Nome | G36: Lat | H36: Lon
A37: PSATFUN | B37: Funil-MG | C37: -21.14 | D37: -45.04
A39: Postos fluviométricos associados:
A40: Código | B40: Nome | C40: Nome do reservatório associado | G40: Tempo de viagem (h)
A44: Sub-bacia modelada: Furnas
A46: Reservatórios contidos:
A47: Código | B47: Nome | C47: Fatores de distribuição
C48: Jan | D48: Fev | E48: Mar | F48: Abr | G48: Mai | H48: Jun | I48: Jul | J48: Ago | K48: Set | L48: Out | M48: Nov | N48: Dez
A49: 6 | B49: Furnas | C49: 1 | D49: 1 | E49: 1 | F49: 1 | G49: 1 | H49: 1 | I49: 1 | J49: 1 | K49: 1 | L49: 1 | M49: 1 | N49: 1
A51: Código | B51: Nome | C51: Coeficientes de evapotranspiração (mm/dia)
C52: Jan | D52: Fev | E52: Mar | F52: Abr | G52: Mai | H52: Jun | I52: Jul | J52: Ago | K52: Set | L52: Out | M52: Nov | N52: Dez
A53: 6 | B53: Furnas | C53: 4.94 | D53: 5.18 | E53: 4.77 | F53: 4.23 | G53: 3.55 | H53: 3.23 | I53: 3.71 | J53: 4.84 | K53: 5.2 | L53: 5.29 | M53: 5.27 | N53: 4.71
A55: Precipitação verificada:
A56: Código | B56: Nome | C56: Lat | D56: Lon | E56: Estação que a representa:
E57: Código | F57: Nome | G57: Lat | H57: Lon
A58: PSATFUR | B58: Furnas | C58: -20.67 | D58: -46.32
A60: Postos fluviométricos associados:
A61: Código | B61: Nome | C61: Nome do reservatório associado | G61: Tempo de viagem (h)
A63: 61661000 | B63: Paraguacu | C63: FURNAS | G63: 10
A64: 61661000 | B64: Porto dos Buenos | C64: FURNAS | G64: 12
A66: Sub-bacia modelada: Paraguaçu
A68: Reservatórios contidos:
A69: Código | B69: Nome | C69: Fatores de distribuição
C70: Jan | D70: Fev | E70: Mar | F70: Abr | G70: Mai | H70: Jun | I70: Jul | J70: Ago | K70: Set | L70: Out | M70: Nov | N70: Dez
A73: Código | B73: Nome | C73: Coeficientes de evapotranspiração (mm/dia)
C74: Jan | D74: Fev | E74: Mar | F74: Abr | G74: Mai | H74: Jun | I74: Jul | J74: Ago | K74: Set | L74: Out | M74: Nov | N74: Dez
A75: 61425000 | B75: Paraguaçu (Ponte Baguari) | C75: 4.94 | D75: 5.18 | E75: 4.77 | F75: 4.23 | G75: 3.55 | H75: 3.23 | I75: 3.71 | J75: 4.84 | K75: 5.2 | L75: 5.29 | M75: 5.27 | N75: 4.71
A77: Precipitação verificada:
A78: Código | B78: Nome | C78: Lat | D78: Lon | E78: Estação que a representa:
E79: Código | F79: Nome | G79: Lat | H79: Lon
A80: PSATPRG | B80: Paraguaçu | C80: -21.59 | D80: -45.67
A82: Postos fluviométricos associados:
A83: Código | B83: Nome | C83: Nome do reservatório associado | G83: Tempo de viagem (h)
A87: Sub-bacia modelada: Porto dos Buenos
A89: Reservatórios contidos:
A90: Código | B90: Nome | C90: Fatores de distribuição
C91: Jan | D91: Fev | E91: Mar | F91: Abr | G91: Mai | H91: Jun | I91: Jul | J91: Ago | K91: Set | L91: Out | M91: Nov | N91: Dez
A94: Código | B94: Nome | C94: Coeficientes de evapotranspiração (mm/dia)
C95: Jan | D95: Fev | E95: Mar | F95: Abr | G95: Mai | H95: Jun | I95: Jul | J95: Ago | K95: Set | L95: Out | M95: Nov | N95: Dez
A96: 61537000 | B96: Porto dos Buenos | C96: 4.94 | D96: 5.18 | E96: 4.77 | F96: 4.23 | G96: 3.55 | H96: 3.23 | I96: 3.71 | J96: 4.84 | K96: 5.2 | L96: 5.29 | M96: 5.27 | N96: 4.71
A98: Precipitação verificada:
A99: Código | B99: Nome | C99: Lat | D99: Lon | E99: Estação que a representa:
E100: Código | F100: Nome | G100: Lat | H100: Lon
A101: PSATPTB | B101: Porto dos Buenos | C101: -21.61 | D101: -45.49
A103: Postos fluviométricos associados:
A104: Código | B104: Nome | C104: Nome do reservatório associado | G104: Tempo de viagem (h)
A108: Sub-bacia modelada: Capão Escuro
A110: Reservatórios contidos:
A111: Código | B111: Nome | C111: Fatores de distribuição
C112: Jan | D112: Fev | E112: Mar | F112: Abr | G112: Mai | H112: Jun | I112: Jul | J112: Ago | K112: Set | L112: Out | M112: Nov | N112: Dez
A115: Código | B115: Nome | C115: Coeficientes de evapotranspiração (mm/dia)
C116: Jan | D116: Fev | E116: Mar | F116: Abr | G116: Mai | H116: Jun | I116: Jul | J116: Ago | K116: Set | L116: Out | M116: Nov | N116: Dez
A117: 61787000 | B117: Fazenda Capão Escuro | C117: 5.55 | D117: 5.86 | E117: 5.45 | F117: 4.8 | G117: 4.03 | H117: 3.83 | I117: 4.32 | J117: 5.35 | K117: 5.9 | L117: 6.39 | M117: 6.3 | N117: 5.35
A119: Precipitação verificada:
A120: Código | B120: Nome | C120: Lat | D120: Lon | E120: Estação que a representa:
E121: Código | F121: Nome | G121: Lat | H121: Lon
A122: PSATCES | B122: Capão Escuro | C122: -20.25 | D122: -48.16
A124: Postos fluviométricos associados:
A125: Código | B125: Nome | C125: Nome do reservatório associado | G125: Tempo de viagem (h)
A129: Sub-bacia modelada: Porto Colômbia
A131: Reservatórios contidos:
A132: Código | B132: Nome | C132: Fatores de distribuição
C133: Jan | D133: Fev | E133: Mar | F133: Abr | G133: Mai | H133: Jun | I133: Jul | J133: Ago | K133: Set | L133: Out | M133: Nov | N133: Dez
A134: 7 | B134: Mascarenhas de Moraes | C134: 0.377 | D134: 0.377 | E134: 0.377 | F134: 0.377 | G134: 0.377 | H134: 0.377 | I134: 0.377 | J134: 0.377 | K134: 0.377 | L134: 0.377 | M134: 0.377 | N134: 0.377
A135: 8 | B135: L.C. Barreto | C135: 0.087 | D135: 0.087 | E135: 0.087 | F135: 0.087 | G135: 0.087 | H135: 0.087 | I135: 0.087 | J135: 0.087 | K135: 0.087 | L135: 0.087 | M135: 0.087 | N135: 0.087
A136: 9 | B136: Jaguara | C136: 0.036 | D136: 0.036 | E136: 0.036 | F136: 0.036 | G136: 0.036 | H136: 0.036 | I136: 0.036 | J136: 0.036 | K136: 0.036 | L136: 0.036 | M136: 0.036 | N136: 0.036
A137: 10 | B137: Igarapava | C137: 0.103 | D137: 0.103 | E137: 0.103 | F137: 0.103 | G137: 0.103 | H137: 0.103 | I137: 0.103 | J137: 0.103 | K137: 0.103 | L137: 0.103 | M137: 0.103 | N137: 0.103
A138: 11 | B138: Volta Grande | C138: 0.23 | D138: 0.23 | E138: 0.23 | F138: 0.23 | G138: 0.23 | H138: 0.23 | I138: 0.23 | J138: 0.23 | K138: 0.23 | L138: 0.23 | M138: 0.23 | N138: 0.23
A139: 12 | B139: Porto Colômbia | C139: 0.167 | D139: 0.167 | E139: 0.167 | F139: 0.167 | G139: 0.167 | H139: 0.167 | I139: 0.167 | J139: 0.167 | K139: 0.167 | L139: 0.167 | M139: 0.167 | N139: 0.167
A141: Código | B141: Nome | C141: Coeficientes de evapotranspiração (mm/dia)
C142: Jan | D142: Fev | E142: Mar | F142: Abr | G142: Mai | H142: Jun | I142: Jul | J142: Ago | K142: Set | L142: Out | M142: Nov | N142: Dez
A143: 12 | B143: Porto Colômbia | C143: 5.55 | D143: 5.86 | E143: 5.45 | F143: 4.8 | G143: 4.03 | H143: 3.83 | I143: 4.32 | J143: 5.35 | K143: 5.9 | L143: 6.39 | M143: 6.3 | N143: 5.35
A145: Precipitação verificada:
A146: Código | B146: Nome | C146: Lat | D146: Lon | E146: Estação que a representa:
E147: Código | F147: Nome | G147: Lat | H147: Lon
...

Sheet SMAP PARANAZÃO
A2: Sub-bacia modelada: Mauá
A4: Reservatórios contidos:
A5: Código | B5: Nome | C5: Fatores de distribuição
C6: Jan | D6: Fev | E6: Mar | F6: Abr | G6: Mai | H6: Jun | I6: Jul | J6: Ago | K6: Set | L6: Out | M6: Nov | N6: Dez
A7: 57 | B7: Mauá
A9: Código | B9: Nome | C9: Coeficientes de evapotranspiração (mm/dia)
C10: Jan | D10: Fev | E10: Mar | F10: Abr | G10: Mai | H10: Jun | I10: Jul | J10: Ago | K10: Set | L10: Out | M10: Nov | N10: Dez
A11: 57 | B11: Mauá | C11: 5.55 | D11: 5.25 | E11: 4.87 | F11: 4.17 | G11: 3.03 | H11: 2.53 | I11: 2.84 | J11: 3.65 | K11: 4.1 | L11: 4.84 | M11: 5.57 | N11: 5.58
A13: Precipitação verificada:
A14: Código | B14: Nome | C14: Lat | D14: Lon | E14: Estação que a representa:
E15: Código | F15: Nome | G15: Lat | H15: Lon
A16: PSATMAU | B16: Mauá | C16: -24.06 | D16: -50.71
A18: Postos fluviométricos associados:
A19: Código | B19: Nome | C19: Nome do reservatório associado | G19: Tempo de viagem (h)
A23: Sub-bacia modelada: Jurumirim
A25: Reservatórios contidos:
A26: Código | B26: Nome | C26: Fatores de distribuição
C27: Jan | D27: Fev | E27: Mar | F27: Abr | G27: Mai | H27: Jun | I27: Jul | J27: Ago | K27: Set | L27: Out | M27: Nov | N27: Dez
A28: 47 | B28: Jurumirim
A30: Código | B30: Nome | C30: Coeficientes de evapotranspiração (mm/dia)
C31: Jan | D31: Fev | E31: Mar | F31: Abr | G31: Mai | H31: Jun | I31: Jul | J31: Ago | K31: Set | L31: Out | M31: Nov | N31: Dez
A32: 47 | B32: Jurumirim | C32: 4.77 | D32: 4.74 | E32: 4.23 | F32: 3.3 | G32: 2.39 | H32: 2.03 | I32: 2.45 | J32: 2.94 | K32: 3.37 | L32: 4.32 | M32: 4.87 | N32: 4.45
A34: Precipitação verificada:
A35: Código | B35: Nome | C35: Lat | D35: Lon | E35: Estação que a representa:
E36: Código | F36: Nome | G36: Lat | H36: Lon
A37: PSATJUR | B37: Jurumirim | C37: -23.22 | D37: -49.23
A39: Postos fluviométricos associados:
A40: Código | B40: Nome | C40: Nome do reservatório associado | G40: Tempo de viagem (h)
A44: Sub-bacia modelada: Chavantes
A46: Reservatórios contidos:
A47: Código | B47: Nome | C47: Fatores de distribuição
C48: Jan | D48: Fev | E48: Mar | F48: Abr | G48: Mai | H48: Jun | I48: Jul | J48: Ago | K48: Set | L48: Out | M48: Nov | N48: Dez
A49: 48 | B49: Piraju | C49: 0.046 | D49: 0.046 | E49: 0.046 | F49: 0.046 | G49: 0.046 | H49: 0.046 | I49: 0.046 | J49: 0.046 | K49: 0.046 | L49: 0.046 | M49: 0.046 | N49: 0.046
A50: 53 | B50: Paranapanema | C50: 0 | D50: 0 | E50: 0 | F50: 0 | G50: 0 | H50: 0 | I50: 0 | J50: 0 | K50: 0 | L50: 0 | M50: 0 | N50: 0
A51: 49 | B51: Chavantes | C51: 0.954 | D51: 0.954 | E51: 0.954 | F51: 0.954 | G51: 0.954 | H51: 0.954 | I51: 0.954 | J51: 0.954 | K51: 0.954 | L51: 0.954 | M51: 0.954 | N51: 0.954
A53: Código | B53: Nome | C53: Coeficientes de evapotranspiração (mm/dia)
C54: Jan | D54: Fev | E54: Mar | F54: Abr | G54: Mai | H54: Jun | I54: Jul | J54: Ago | K54: Set | L54: Out | M54: Nov | N54: Dez
A55: 49 | B55: Chavantes | C55: 5.71 | D55: 5.66 | E55: 5.16 | F55: 4.43 | G55: 3.13 | H55: 2.6 | I55: 3.29 | J55: 4.13 | K55: 4.9 | L55: 5.97 | M55: 6.3 | N55: 5.45
A57: Precipitação verificada:
A58: Código | B58: Nome | C58: Lat | D58: Lon | E58: Estação que a representa:
E59: Código | F59: Nome | G59: Lat | H59: Lon
A60: PSATCHT | B60: Chavantes | C60: -23.01 | D60: -49.73
A62: Postos fluviométricos associados:
A63: Código | B63: Nome | C63: Nome do reservatório associado | G63: Tempo de viagem (h)
A67: Sub-bacia modelada: Canoas I
A69: Reservatórios contidos:
A70: Código | B70: Nome | C70: Fatores de distribuição
C71: Jan | D71: Fev | E71: Mar | F71: Abr | G71: Mai | H71: Jun | I71: Jul | J71: Ago | K71: Set | L71: Out | M71: Nov | N71: Dez
A72: 50 | B72: Salto Grande CS | C72: 0.778 | D72: 0.778 | E72: 0.778 | F72: 0.778 | G72: 0.778 | H72: 0.778 | I72: 0.778 | J72: 0.778 | K72: 0.778 | L72: 0.778 | M72: 0.778 | N72: 0.778
A73: 51 | B73: Canoas II | C73: 0.061 | D73: 0.061 | E73: 0.061 | F73: 0.061 | G73: 0.061 | H73: 0.061 | I73: 0.061 | J73: 0.061 | K73: 0.061 | L73: 0.061 | M73: 0.061 | N73: 0.061
A74: 52 | B74: Canoas I | C74: 0.13 | D74: 0.13 | E74: 0.13 | F74: 0.13 | G74: 0.13 | H74: 0.13 | I74: 0.13 | J74: 0.13 | K74: 0.13 | L74: 0.13 | M74: 0.13 | N74: 0.13
A75: 249 | B75: Ourinhos | C75: 0.031 | D75: 0.031 | E75: 0.031 | F75: 0.031 | G75: 0.031 | H75: 0.031 | I75: 0.031 | J75: 0.031 | K75: 0.031 | L75: 0.031 | M75: 0.031 | N75: 0.031
A77: Código | B77: Nome | C77: Coeficientes de evapotranspiração (mm/dia)
C78: Jan | D78: Fev | E78: Mar | F78: Abr | G78: Mai | H78: Jun | I78: Jul | J78: Ago | K78: Set | L78: Out | M78: Nov | N78: Dez
A79: 52 | B79: Canoas I | C79: 5.71 | D79: 5.66 | E79: 5.16 | F79: 4.43 | G79: 3.13 | H79: 2.6 | I79: 3.29 | J79: 4.13 | K79: 4.9 | L79: 5.97 | M79: 6.3 | N79: 5.45
A81: Precipitação verificada:
A82: Código | B82: Nome | C82: Lat | D82: Lon | E82: Estação que a representa:
E83: Código | F83: Nome | G83: Lat | H83: Lon
A84: PSATCNI | B84: Canoas I | C84: -22.94 | D84: -50.52
A86: Postos fluviométricos associados:
A87: Código | B87: Nome | C87: Nome do reservatório associado | G87: Tempo de viagem (h)
A91: Sub-bacia modelada: Capivara
A93: Reservatórios contidos:
A94: Código | B94: Nome | C94: Fatores de distribuição
C95: Jan | D95: Fev | E95: Mar | F95: Abr | G95: Mai | H95: Jun | I95: Jul | J95: Ago | K95: Set | L95: Out | M95: Nov | N95: Dez
A96: 61 | B96: Capivara
A98: Código | B98: Nome | C98: Coeficientes de evapotranspiração (mm/dia)
C99: Jan | D99: Fev | E99: Mar | F99: Abr | G99: Mai | H99: Jun | I99: Jul | J99: Ago | K99: Set | L99: Out | M99: Nov | N99: Dez
A100: 61 | B100: Capivara | C100: 6.61 | D100: 6.23 | E100: 5.74 | F100: 5.07 | G100: 3.35 | H100: 2.97 | I100: 3.68 | J100: 4.45 | K100: 5.23 | L100: 6.42 | M100: 6.97 | N100: 6.35
A102: Precipitação verificada:
A103: Código | B103: Nome | C103: Lat | D103: Lon | E103: Estação que a representa:
E104: Código | F104: Nome | G104: Lat | H104: Lon
A105: PSATCPV | B105: Capivara | C105: -22.65 | D105: -51.33
A107: Postos fluviométricos associados:
A108: Código | B108: Nome | C108: Nome do reservatório associado | G108: Tempo de viagem (h)
A112: Sub-bacia modelada: Rosana
A114: Reservatórios contidos:
A115: Código | B115: Nome | C115: Fatores de distribuição
C116: Jan | D116: Fev | E116: Mar | F116: Abr | G116: Mai | H116: Jun | I116: Jul | J116: Ago | K116: Set | L116: Out | M116: Nov | N116: Dez
A117: 62 | B117: Taquaruçu | C117: 0.299 | D117: 0.299 | E117: 0.299 | F117: 0.299 | G117: 0.299 | H117: 0.299 | I117: 0.299 | J117: 0.299 | K117: 0.299 | L117: 0.299 | M117: 0.299 | N117: 0.299
A118: 63 | B118: Rosana | C118: 0.701 | D118: 0.701 | E118: 0.701 | F118: 0.701 | G118: 0.701 | H118: 0.701 | I118: 0.701 | J118: 0.701 | K118: 0.701 | L118: 0.701 | M118: 0.701 | N118: 0.701
A120: Código | B120: Nome | C120: Coeficientes de evapotranspiração (mm/dia)
C121: Jan | D121: Fev | E121: Mar | F121: Abr | G121: Mai | H121: Jun | I121: Jul | J121: Ago | K121: Set | L121: Out | M121: Nov | N121: Dez
A122: 63 | B122: Rosana | C122: 6.16 | D122: 5.63 | E122: 5.45 | F122: 4.63 | G122: 3.13 | H122: 3.23 | I122: 4.32 | J122: 5 | K122: 5.3 | L122: 6.74 | M122: 7.3 | N122: 6.35
A124: Precipitação verificada:
A125: Código | B125: Nome | C125: Lat | D125: Lon | E125: Estação que a representa:
E126: Código | F126: Nome | G126: Lat | H126: Lon
A127: PSATROS | B127: Rosana | C127: -22.5 | D127: -52.87
A129: Postos fluviométricos associados:
A130: Código | B130: Nome | C130: Nome do reservatório associado | G130: Tempo de viagem (h)
A134: Sub-bacia modelada: Ilha Solteira Equivalente
A136: Reservatórios contidos:
A137: Código | B137: Nome | C137: Fatores de distribuição
C138: Jan | D138: Fev | E138: Mar | F138: Abr | G138: Mai | H138: Jun | I138: Jul | J138: Ago | K138: Set | L138: Out | M138: Nov | N138: Dez
A139: 34 | B139: I. Solteira | C139: 0.94 | D139: 0.94 | E139: 0.94 | F139: 0.94 | G139: 0.94 | H139: 0.94 | I139: 0.94 | J139: 0.94 | K139: 0.94 | L139: 0.94 | M139: 0.94 | N139: 0.94
A140: 244 | B140: Ilha + T. Irmãos | C140: 0 | D140: 0 | E140: 0 | F140: 0 | G140: 0 | H140: 0 | I140: 0 | J140: 0 | K140: 0 | L140: 0 | M140: 0 | N140: 0
A141: 243 | B141: Três Irmãos | C141: 0.06 | D141: 0.06 | E141: 0.06 | F141: 0.06 | G141: 0.06 | H141: 0.06 | I141: 0.06 | J141: 0.06 | K141: 0.06 | L141: 0.06 | M141: 0.06 | N141: 0.06
A143: Código | B143: Nome | C143: Coeficientes de evapotranspiração (mm/dia)
C144: Jan | D144: Fev | E144: Mar | F144: Abr | G144: Mai | H144: Jun | I144: Jul | J144: Ago | K144: Set | L144: Out | M144: Nov | N144: Dez
A145: 244 | B145: Ilha + T. Irmãos | C145: 5.97 | D145: 6.39 | E145: 5.81 | F145: 4.93 | G145: 4.23 | H145: 3.9 | I145: 4.55 | J145: 5.61 | K145: 5.97 | L145: 6.81 | M145: 6.73 | N145: 5.94
...

Sheet SMAP SUL
A2: Sub-bacia modelada: Foz do Areia
A4: Reservatórios contidos:
A5: Código | B5: Nome | C5: Fatores de distribuição
C6: Jan | D6: Fev | E6: Mar | F6: Abr | G6: Mai | H6: Jun | I6: Jul | J6: Ago | K6: Set | L6: Out | M6: Nov | N6: Dez
A7: 74 | B7: G. B. Munhoz
A9: Código | B9: Nome | C9: Coeficientes de evapotranspiração (mm/dia)
C10: Jan | D10: Fev | E10: Mar | F10: Abr | G10: Mai | H10: Jun | I10: Jul | J10: Ago | K10: Set | L10: Out | M10: Nov | N10: Dez
A11: 74 | B11: G. B. Munhoz | C11: 5.16 | D11: 4.71 | E11: 4.19 | F11: 3.13 | G11: 2.13 | H11: 1.8 | I11: 1.97 | J11: 2.58 | K11: 3.17 | L11: 4.26 | M11: 5.1 | N11: 5.29
A13: Precipitação verificada:
A14: Código | B14: Nome | C14: Lat | D14: Lon | E14: Estação que a representa:
E15: Código | F15: Nome | G15: Lat | H15: Lon
A16: PSATFZA | B16: Foz do Areia | C16: -26 | D16: -51.65
A18: Postos fluviométricos associados:
A19: Código | B19: Nome | C19: Nome do reservatório associado | G19: Tempo de viagem (h)
A21: 65774403 | B21: Uniao da Vitoria | C21: G. B. Munhoz | G21: 17.4
A23: Sub-bacia modelada: União da Vitória
A25: Reservatórios contidos:
A26: Código | B26: Nome | C26: Fatores de distribuição
C27: Jan | D27: Fev | E27: Mar | F27: Abr | G27: Mai | H27: Jun | I27: Jul | J27: Ago | K27: Set | L27: Out | M27: Nov | N27: Dez
A30: Código | B30: Nome | C30: Coeficientes de evapotranspiração (mm/dia)
C31: Jan | D31: Fev | E31: Mar | F31: Abr | G31: Mai | H31: Jun | I31: Jul | J31: Ago | K31: Set | L31: Out | M31: Nov | N31: Dez
A32: 65310001 | B32: União da Vitória - SIMEPAR | C32: 5.16 | D32: 4.71 | E32: 4.19 | F32: 3.13 | G32: 2.13 | H32: 1.8 | I32: 1.97 | J32: 2.58 | K32: 3.17 | L32: 4.26 | M32: 5.1 | N32: 5.29
A34: Precipitação verificada:
A35: Código | B35: Nome | C35: Lat | D35: Lon | E35: Estação que a representa:
E36: Código | F36: Nome | G36: Lat | H36: Lon
A37: PSATUVT | B37: União da Vitória | C37: -26.23 | D37: -51.08
A39: Postos fluviométricos associados:
A40: Código | B40: Nome | C40: Nome do reservatório associado | G40: Tempo de viagem (h)
A44: Sub-bacia modelada: Santa Clara
A46: Reservatórios contidos:
A47: Código | B47: Nome | C47: Fatores de distribuição
C48: Jan | D48: Fev | E48: Mar | F48: Abr | G48: Mai | H48: Jun | I48: Jul | J48: Ago | K48: Set | L48: Out | M48: Nov | N48: Dez
A49: 71 | B49: Santa Clara - PR
A51: Código | B51: Nome | C51: Coeficientes de evapotranspiração (mm/dia)
C52: Jan | D52: Fev | E52: Mar | F52: Abr | G52: Mai | H52: Jun | I52: Jul | J52: Ago | K52: Set | L52: Out | M52: Nov | N52: Dez
A53: 71 | B53: Santa Clara - PR | C53: 4.77 | D53: 4.43 | E53: 3.97 | F53: 2.97 | G53: 2.16 | H53: 1.87 | I53: 1.9 | J53: 2.55 | K53: 3.17 | L53: 4.06 | M53: 4.87 | N53: 4.97
A55: Precipitação verificada:
A56: Código | B56: Nome | C56: Lat | D56: Lon | E56: Estação que a representa:
E57: Código | F57: Nome | G57: Lat | H57: Lon
A58: PSATSCL | B58: Santa Clara | C58: -25.49 | D58: -51.74
A60: Postos fluviométricos associados:
A61: Código | B61: Nome | C61: Nome do reservatório associado | G61: Tempo de viagem (h)
A65: Sub-bacia modelada: Jordão - Segredo
A67: Reservatórios contidos:
A68: Código | B68: Nome | C68: Fatores de distribuição
C69: Jan | D69: Fev | E69: Mar | F69: Abr | G69: Mai | H69: Jun | I69: Jul | J69: Ago | K69: Set | L69: Out | M69: Nov | N69: Dez
A70: 72 | B70: Fundão | C70: 0.039 | D70: 0.039 | E70: 0.039 | F70: 0.039 | G70: 0.039 | H70: 0.039 | I70: 0.039 | J70: 0.039 | K70: 0.039 | L70: 0.039 | M70: 0.039 | N70: 0.039
A71: 73 | B71: Jordão | C71: 0.157 | D71: 0.157 | E71: 0.157 | F71: 0.157 | G71: 0.157 | H71: 0.157 | I71: 0.157 | J71: 0.157 | K71: 0.157 | L71: 0.157 | M71: 0.157 | N71: 0.157
A72: 76 | B72: Segredo | C72: 0.804 | D72: 0.804 | E72: 0.804 | F72: 0.804 | G72: 0.804 | H72: 0.804 | I72: 0.804 | J72: 0.804 | K72: 0.804 | L72: 0.804 | M72: 0.804 | N72: 0.804
A73: 976 | B73: Segredo+Jordão | C73: 0 | D73: 0 | E73: 0 | F73: 0 | G73: 0 | H73: 0 | I73: 0 | J73: 0 | K73: 0 | L73: 0 | M73: 0 | N73: 0
A75: Código | B75: Nome | C75: Coeficientes de evapotranspiração (mm/dia)
C76: Jan | D76: Fev | E76: Mar | F76: Abr | G76: Mai | H76: Jun | I76: Jul | J76: Ago | K76: Set | L76: Out | M76: Nov | N76: Dez
A77: 976 | B77: Segredo+Jordão | C77: 5.87 | D77: 5.5 | E77: 4.87 | F77: 3.83 | G77: 2.68 | H77: 2.13 | I77: 2.48 | J77: 3.23 | K77: 3.8 | L77: 4.81 | M77: 5.87 | N77: 5.9
A79: Precipitação verificada:
